bartender,bar,drink_n,ingredient_1,ingredient_2,ingredient_3,ingredient_4,ingredient_5,ingredient_6,ingredient_7,ingredient_8,ingredient_9
Aaron Wall,Homeboy (London),Whiskey Smash,40ml of Roe & Co Irish Whiskey,20ml of Noilly Prat Dry Vermouth,20ml of Mint and Spinach Syrup,3 Dashes of Orange Bitters,NA,NA,NA,NA,NA
Aaron Wall,Homeboy (London),Wogan,40ml of Teeling Small Batch Irish Whiskey,10ml of Apricot Brandy,15ml of Lime,15ml of Simple Syrup,3 Dashes of Saline Solution,NA,NA,NA,NA
Adam Caron,Symbiose (Bordeaux),Perfect Manhattan,45ml of Rye Whiskey 100 Proof Rittenhouse,25ml of La Quintinye Dry Vermouth,15ml of Pineau des Charentes Rémi Landier 10 Yr Old,10ml of House Red Blend Vermouth,2 dashes of Angostura bitters,1/2barspoon of Luxardo Maraschino,NA,NA,NA
Adam Caron,Symbiose (Bordeaux),Krispies Trip,25ml of Puffed Rice Syrup,15ml of Lemon Juice,15ml of Sochu infused with Genmaicha Yama,30ml of Floc de Gascogne infused with Pandan,20ml of Aquafaba,30ml of Gin,NA,NA,NA
Adam McMahon,Frontier Room (London),Old Fashioned,50ml of Eagle Rare ten year bourbon,1 dash of Angustura bitters,5 ml of demerara sugar syrup,NA,NA,NA,NA,NA,NA
Adam McMahon,Frontier Room (London),Black Pearl,50ml of Eldorado 12,25ml of Meantime Stout,10ml of demerara sugar,Hickory smoke,NA,NA,NA,NA,NA
Aidan Bowie,NA,Garden Lady,30ml of Tanqueray Tne Gin,10ml of Seedlip Garden 108,25ml of Egg White,15ml of Lemon,10ml of Lime,10ml of Cocchi Americano infused with Hops,10ml of Simple Syrup,3 dashes of Absinthe,NA
Aidan Bowie,NA,Smoken Miso,50ml of Johnnie Walker Gold Label,5ml of Banana Liqueur,5ml of Roasted Miso Syrup,3 dashes of Smoked Chocolate Bitters,NA,NA,NA,NA,NA
D,NA,Garden Lady,30ml of Tanqueray Tne Gin,10ml of Seedlip Garden 108,25ml of Egg White,15ml of Lemon,10ml of Lime,10ml of Cocchi Americano infused with Hops,10ml of Simple Syrup,3 dashes of Absinthe,NA
D,NA,Smoken Miso,50ml of Johnnie Walker Gold Label,5ml of Banana Liqueur,5ml of Roasted Miso Syrup,3 dashes of Smoked Chocolate Bitters,NA,NA,NA,NA,NA
Alberto Fernandez,Hotel Alfonso XIII The Luxury Collection (Seville),The Last Cocktail (French 75 twist),50ml of Gin Mare,30ml of Fresh Lemon Juice,1 Barspoon of Rosemary Infusion,35ml of Pear Juice,Top with Champagne,NA,NA,NA,NA
Alberto Fernandez,Hotel Alfonso XIII The Luxury Collection (Seville),El viajero,45ml of Ciroc Vodka,12.5ml of Grand Marnier Liqueur,45ml of Lemon Verbena,25ml of Lemon Juice,10ml of Cardamon Syrup,NA,NA,NA,NA
Alberto Martinez,1862 Dry Bar (Madrid),The Last Cocktail (French 75 twist),50ml of Gin Mare,30ml of Fresh Lemon Juice,1 Barspoon of Rosemary Infusion,35ml of Pear Juice,Top with Champagne,NA,NA,NA,NA
Alberto Martinez,1862 Dry Bar (Madrid),El viajero,45ml of Ciroc Vodka,12.5ml of Grand Marnier Liqueur,45ml of Lemon Verbena,25ml of Lemon Juice,10ml of Cardamon Syrup,NA,NA,NA,NA
Aleksandra Dziubak,Marlowe Bar (Barcelona),Dirty Martini,80ml of Jackal Vodka,4 dashes of Noilly Prat Dry Vermouth,3 Crushed Olives,NA,NA,NA,NA,NA,NA
Aleksandra Dziubak,Marlowe Bar (Barcelona),Pan con Tomate,60ml of Clarified mix of Tomato Juice and Bread Syrup,40ml of Kensho Spanish Sake,20ml of Tio Pepe Fino Sherry,10ml of Lacto Fermented Water,NA,NA,NA,NA,NA
Alex Lawrence,Dandelyan (London),London Calling,20ml of Lemon Juice,10ml of Fino Sherry Tio Pepe,50ml of Porters Gin,2 Dashes of Reagan’s Orange Bitters,NA,NA,NA,NA,NA
Alex Lawrence,Dandelyan (London),Canon Cosmo,45ml of Ketel One Citroen,35ml of Pink and Sour Mix,25ml of Flamed Orange with Almond,NA,NA,NA,NA,NA,NA
Alexis Argyrou,NA,Daiquiri,60ml of Bacardi Carta Blanca,25ml of Lime Juice,10ml of Simple Syrup,NA,NA,NA,NA,NA,NA
Alexis Argyrou,NA,The Clockstopper,50ml of Bacardi Carta Blanca,30ml of Pineapple Cordial,4 drops of Skinos Mastiha Spirits,1 drop of Aromatic bitters,Half a pinch of Salt,NA,NA,NA,NA
Ali Ali,Oriole (London),Peranakan Fizz,40ml of Gin,25ml of Fermented Marzipan,20ml of Kefir,10ml of Poppy Flower Cordial,80ml of Pandan Kombucha,NA,NA,NA,NA
Ali Ali,Oriole (London),House Negroni,40ml of Gin,30ml of Campari,15ml of Homemade Blend Sweet Vermouth,15ml of Resin Wine,NA,NA,NA,NA,NA
Amanda Boucher,Pas de Loup (Paris),Whisky Rickey,2 bar spoons of powder sugar,60 ml of bourbon four roses small batch,30 ml of lime,Top with soda,NA,NA,NA,NA,NA
Amanda Boucher,Pas de Loup (Paris),Dis donc,45ml of Noilly prat infuse with tarragon,45ml of organic vouvray,2 spray of strega,2 dashes of vieux pontarlier (absinthe),NA,NA,NA,NA,NA
Amaury Guyot,Dersou (Paris),Poppy fields,30ml of gin,15ml of hazelnut syrup,5ml of chinese pomelo,10ml of fino sherry,20ml of lemon,NA,NA,NA,NA
Andrea Benvegna,Waeska Bar at The Mandrake (London),Bamboo,45ml of Tio Pepe Sherry Fino En Rama,"45ml of a Blend of Vermouth (Dry, Extra Dry and White)",2 drops of Angostura Bitters,NA,NA,NA,NA,NA,NA
Andrea Benvegna,Waeska Bar at The Mandrake (London),Mandrake Martini,35ml of Grey Goose Vodka,40ml of Clarified Geneper Milk,2 drops of Mandrake Bitters,NA,NA,NA,NA,NA,NA
Andrea Melis,The Edition Hotel (London),Fanciulli Manhattan,50ml of Rittenhouse 100 rye whiskey,12.5ml of Antica Formula,12.5ml of Punt e Mes,3 dashes of Fernet Branca,NA,NA,NA,NA,NA
Andrea Melis,The Edition Hotel (London),War of the roses,50ml of Tanqueray Ten gin,12.5ml of rosehip sacred cup liqueur,12.5ml of Campari,12.5ml of Sancerre rosé homemade syrup,25ml of lime,3 dashes of peychaud bitter,NA,NA,NA
Andrea Patelli,Little Quarter (Stockholm),Rock and Rye,70ml of Rittenhouse 100 Proof Rye whiskey,1 barspoon of home made rock candy syrup,2 dashes angustura,2 dashes oranges bitter,NA,NA,NA,NA,NA
Andrea Patelli,Little Quarter (Stockholm),By the book,70ml of ron superior Bacardi,1 barspoon of honey water,1 barspoon of green chartreuse,1 dash of orange flower water,Glass rince with absinthe,NA,NA,NA,NA
Anthony di Lorenzo,CHC Arba (Genova),Bobby Burns,5ml of Benedictine,20ml of Antica Formula Vermouth,50ml of Chivas 12 Year Old Whisky,NA,NA,NA,NA,NA,NA
Anthony di Lorenzo,CHC Arba (Genova),Ruby,30ml of Linie Aquavit,15ml of Homemade Sherry,20ml of Campari,15ml of Benedictine,2 dashes of Absinthe,​,NA,NA,NA
Antonio Lai,Quinary (Hong Kong),Gimlet,60ml of Gin,30ml of Oolong Tea Cordial,NA,NA,NA,NA,NA,NA,NA
Antonio Lai,Quinary (Hong Kong),Earl grey caviar Martini,45ml of Citrus Vodka,10ml of Cointreau,20ml of Apple Juice,5ml of Lemon,5ml of Lime,15ml of Elderflower Syrup,Top with Tea Caviar,NA,NA
Antonio Naranjo,Dr. Stravinsky (Barcelona),Overproof Daiquiri,40ml of Bacardi Carta Blanca,25ml of Nation Jamaican Blanca Rum,45ml of Lime Juice,25ml of Simple Syrup,NA,NA,NA,NA,NA
Antonio Naranjo,Dr. Stravinsky (Barcelona),Anna Karina,45ml of Vodka,80ml of kombucha (Passion Fruit and Mango),25ml of Beer Syrup,NA,NA,NA,NA,NA,NA
Aristotelis Makris,Le Syndicat (Paris),Tu es le seul qui maille,20ml of Lemon,20ml of Pineapple Mustard Syrup,15ml of Egg White,10ml of Apricot Brandy,10ml of White Sauvignon,45ml of Bellevoye Whisky,1 dash of Orange Bitter,NA,NA
Aristotelis Makris,Le Syndicat (Paris),Drop the Beet,20ml of Lemon,20ml of Honey and Ginger Syrup,20ml of Bonal,40ml of Fresh Beetroot Juice,45ml of Calvados,NA,NA,NA,NA
Arthur Combe,Marrow (Paris),Sir Alex,45ml of Plantation Pineapple Rum,20ml of Lime,15ml of Vergeoise,2 dashes of Ginger Bitters,NA,NA,NA,NA,NA
Arthur Combe,Marrow (Paris),Vieux Rectangle,2 dashes of Angostura Bitters,2 dashes of Peychaud Bitters,2 dashes of Absinthe,15ml of Dolin Red Vermouth,15ml of Aperol,40ml of Jean Grosperrin VSOP Cognac,NA,NA,NA
Aubin Arhuero,Tiger (Paris),Negroni,30ml of Christian Drouin Gin,30ml of 30&40 Normandy Pommeau,20ml of Punt e Mes,1 barspoon of benedictine,1 dash of solution saline,Rinced glass with Salers,NA,NA,NA
Aubin Arhuero,Tiger (Paris),Bloody Hulk,30ml of Gin,30ml of Lime,20ml of Green Chartreuse,40ml of Cordial with absinthe lemongrass fennel and dill,Crush cucumber,Rinced glass with Absinthe,NA,NA,NA
Aurélie Panhelleux,Copperbay (Paris),White Negroni,30ml of White Dolin,30ml of Suze d’Autrefois,3 sprays of Absinthe,3 dashes of Orange Flower Water,NA,NA,NA,NA,NA
Aurélie Panhelleux,Copperbay (Paris),Dionysos,40ml of Scotch Whisky,1 barspoon of Smoked Whisky,20ml of Skinos Mastiha,10ml of Green Chartreuse,20ml of Lemon Juice,10ml of Gum Syrup,1 Egg White,10ml of Sauvignon Blanc,NA
Bar Shira,Imperial Craft (Tel Aviv),Kalingo Old Fashioned,15ml of Bacardi 8,15ml of Rum Angostura 7,15 ml of Rum Zacapa 23,15ml of Meyer’s Rum,5ml of Pineapple Syrup,1 dash of Bittermens Tiki Bitters,NA,NA,NA
Bar Shira,Imperial Craft (Tel Aviv),El Camello Loco (cocktail for the Bacardi Legacy 2016),45ml of Bacardi,30ml of Martini rosso,30ml of Lime,20ml of Sugar Syrup,90ml of Pilsner Lager,NA,NA,NA,NA
Bart Miedeksza,High Water (London),Last Word,25ml of Beefeater Gin,25ml of Lime Juice,25ml of Green Chartreuse,25ml of Luxardo Maraschino,NA,NA,NA,NA,NA
Bart Miedeksza,High Water (London),Caravan,3 dashes of Bobs Lavander Bitters,10ml of Lime Juice,10ml of Grapefruit Juice,5ml of Honey Syrup,15ml of St Germain,40ml of The Botanist Gin,NA,NA,NA
Ben Tyler,Bonhomie (Paris),Rhum Fraise et Dolce Vita,"40ml of Blended Rum (Sherman Spice, Wray & Nephew, La Perle A1710)",20ml of Fermented Strawberry and Rosemary Syrup,10ml of Tagliatella Amaro,15ml of Lime,Top with Mastiha Water,NA,NA,NA,NA
Ben Tyler,Bonhomie (Paris),Panarima,15ml of Punt e Mes,30ml of Scotch Whisky,5ml of Koch Mezcal Olla de Barro,10 dashes of Sumac Tincture,NA,NA,NA,NA,NA
Ben Wilson,Lulu White (Paris),Old Hickory,45ml of Baldoria White Vermouth,15ml of Malvasia Madeira,3 dashes of Oranges Bitters,2 dashes of Absinthe,NA,NA,NA,NA,NA
Ben Wilson,Lulu White (Paris),Gaynor Chance,30ml of Suze,15ml of Oxidative Wine,10ml of Celery Juice,15ml of Verjus,20ml of Fenugrec Syrup,An inch of Nutmeg,NA,NA,NA
Bruce Govia,FAM (London),The Ridgwell,25ml of Maker’s Mark Bourbon,20ml of Rittenhouse Rye Whiskey,20ml of Blended House Sweet Vermouth,5ml of Braemble Gin Liqueur,1 dash Regan’s Orange Bitters,1 dash of Angostura Bitters,NA,NA,NA
Bruce Govia,FAM (London),Ten push-ups,35ml of Mount Gay Black Barrel Dark Rum,15ml of Fair Café Liqueur,25ml of Fresh Espresso,10ml of House made Falernum,NA,NA,NA,NA,NA
Bui Hoang Nguyen,Mad Botanist (Hanoi),Negroni,25ml of Boodles Gin,25ml of Martini Rosso,25ml of Campari,NA,NA,NA,NA,NA,NA
Bui Hoang Nguyen,Mad Botanist (Hanoi),Bacalao,50ml of Gin infused with Magie d’Orient Tea,25ml of Roselle Switchel,15ml of Luxardo Maraschino,15ml of Lime Juice,1 Egg White,NA,NA,NA,NA
Byly Tran,Basement Sate (London,Old fashioned twisted with cognac,Barspoon of sugar syrup,3 dashes of grapefruit bitters,45ml of Cognac,Twist of Orange,NA,NA,NA,NA,NA
Byly Tran,Basement Sate (London,The Leaf,20ml of lemon,20 ml of sage with aguava honey syrup,15ml of fresh celery juice,45ml of white rum,Dash of orange bitters,Dash of celery bitters,NA,NA,NA
Cecelia Angiulli,Gocce (Paris),Amore Amaro : Twist of Campari Shakerato,90ml of Campari,15ml of fresh grapefruit juice,"Foam of punt e mes, vodka and sucro",NA,NA,NA,NA,NA,NA
Cecelia Angiulli,Gocce (Paris),Scomponibile,45ml of Mezcal,30ml of fresh orange juice,25ml of home made honey syrup with thyme,1/2 a yellow lemon,Pint of Himalayan salt,NA,NA,NA,NA
Cedric Allen Mendoza,Manhattan (Singapore),Kerman,50ml of Tequila Ocho,30ml of Pistachio Syrup,25ml of Lime Juice,NA,NA,NA,NA,NA,NA
Cedric Allen Mendoza,Manhattan (Singapore),First Voyage,25ml of Mancino Vecchio Vermouth,25ml of Rutte Old Simon Gin,15ml of Penfold’s Father Port Wine,5ml of Luxardo Maraschino,2 dashes of Orange Bitters,NA,NA,NA,NA
Charlinsky Perez,La Gintoneria (San Sebastian),Gin and Tonic,60ml of Citadelle Gin,1 dash of Cardamon Bitters,1 Grapefruit,1 Star Anise,1 Green Lemon Peel,1 Orange Peel,1 Drop of Moon Spray Lemon,200ml of Le Tribute Tonic Water,NA
Charlinsky Perez,La Gintoneria (San Sebastian),Gabarron,2 Barspoons of Apricot Marmalade,4 mint leaves,60ml of Botran Dark Rum 12 years,35ml of Drambuie,25ml of Sweet and Sour (Sugar & Lemon),15ml of Pierre-Ferrand Triple Sec,Top with Ginger Beer,NA,NA
Charmaine Thio,28 Hong Kong Street (Singapore),The Instant Star,45ml of Pisco infused with Dill,15ml of Pineapple Gum,15ml of Lemon Juice,15ml of Aperol,Top with Beer,NA,NA,NA,NA
Chiara Beretta,NA,Fargo,15ml of Lime Juice,20ml of Saffron Syrup,25ml of Punt e Mes,45ml of Campari,Shake with Mint,Top with Sage Soda,NA,NA,NA
Chiara Beretta,NA,Santiago,30ml of Lemon Juice,15ml of Cumin Syrup,50ml of Tequila,45ml of Fresh Celery Extract,1 dash of Soda Water,NA,NA,NA,NA
Chloe Serra,Pas de Loup (Paris),A la Louisiane,30ml of Rye whisky,30ml of benedictine,30ml of red vermouth,4 dashes of peychaud bitter,3 dashes of absinthe,NA,NA,NA,NA
Chloe Serra,Pas de Loup (Paris),Sale gosse,50ml  of sesame bourbon infused,15ml of Suze,20ml of lemon,20ml of vanilla syrup,NA,NA,NA,NA,NA
Chris Moore,Coupette (London),Champagne Pina Colada,20ml of Bacardi Heritage,10ml of 3 Rivières White Rum,35ml of Pineapple Cordial,3 Scoops of Coconut Sorbet,75ml of Champagne,NA,NA,NA,NA
Chris Moore,Coupette (London),Apples,30ml of Calvados of the month,90ml of Apple juice of month,NA,NA,NA,NA,NA,NA,NA
Christophe Sichanh,Le Calbar (Paris),Dirty martini,20ml of Noilly prat to rinse the ice,60ml of Tanqueray ten gin,20ml of olive juice,1 lemon twist,NA,NA,NA,NA,NA
Christophe Sichanh,Le Calbar (Paris),1986,40ml of Nikka from the barrel,15ml of infused vodka with chrysanthemum,20ml of vermouth del professor white,10ml of sherry heering,1 maraschino cherry,NA,NA,NA,NA
Colin Edie,Lidkoeb (Copenhagen),Green and White,30ml of Dill Akvavit,30ml of Cocoa Cream,30ml White Chocolate Cream,Licorice Dust,NA,NA,NA,NA,NA
Colin Edie,Lidkoeb (Copenhagen),Rita’s Sjus,45ml of Rosemary Infused Don Julio Tequila,15ml of Galliano Autentico,20ml of Agave Syrup,20ml of Lemon Juice,Top with IPA,NA,NA,NA,NA
Constanca Cordeiro,Peg + Patriot (London),Fishermans daughter,20ml of Tapatio Blanco Tequila,20ml of Tio Pepe,20ml of Rectified Campari,15ml of Pennyroyal and Thyme Syrup,"5ml of Salt, Vinegar and Citric Acid Mix",Top with Tonic,NA,NA,NA
Constanca Cordeiro,Peg + Patriot (London),The Comeback,40ml of Cognac,15ml of Apricot Brandy,5ml of Fernet Branca,7.5ml of Maple Shrub,NA,NA,NA,NA,NA
Coralie Doillet,Sol y Sombra (Barcelona),Mary Pickford,50ml of Bacardi 8,100ml of Pineapple Juice,6 drops of Luxardo Maraschino,1 dash of Grenadine,NA,NA,NA,NA,NA
Coralie Doillet,Sol y Sombra (Barcelona),Signature Vieux carré,20ml of Père Magloire Calvados,20ml of Bulleit Rye Whiskey,20ml of Antica Formula Carpano,20ml of Benedictine,3 dashes of Angostura Bitters,3 dashes of Peychaud Bitters,NA,NA,NA
Cristian Bugiada,La Punta (Rome),Paloma,20ml of Lime,45ml of Tequila,Top with Grapefruit Soda,Rime of Salt,NA,NA,NA,NA,NA
Cristian Bugiada,La Punta (Rome),JLS,50ml of Tequila,25ml of lime,25ml of Orange Curaçao,15ml of Pineapple Juice and Coriander and Jalapeño Salt,Crusta with Tajin,NA,NA,NA,NA
Cristina Hernandes,La Candelaria (Paris),La Guêpe Verte,50ml of Tequila infused with Arbol Chili,20ml of Lime,20ml of Agave Syrup,A pinch of Coriander,A piece of Cucumber,NA,NA,NA,NA
Cristina Hernandes,La Candelaria (Paris),Maldicho,30ml of Pisco,20ml of Fino Sherry,2.5ml of Pomelo,20ml of Lime,10ml of Simple Syrup,1 olive,NA,NA,NA
Cyan Wong,Mint Gun Club (London),Fleur de Bamboo,10ml of St Germain,60ml of Coconut and Tarragon Wine,40ml of Fino Sherry,5 Dashes of Peach Bitters,NA,NA,NA,NA,NA
Cyan Wong,Mint Gun Club (London),Lullaby Cocktail,60ml of Tropical Milk Oolong and Lapsang Souchong,60ml of Chazalette Vermouth,2.5ml of Ginseng Aperitif,1 dash of Geranium Water,NA,NA,NA,NA,NA
Demie Kim,Alice Cheongdam (Seoul),Green Thumb,60ml of Botanist Gin,"45ml of Homemade Green Mix (Pineapple, Spearmint, Honey, Coriander)",10ml of Fresh Lime Juice,1 Drop Octomore Solution (Whisky Salt),NA,NA,NA,NA,NA
Demie Kim,Alice Cheongdam (Seoul),Stay Here,45ml of Mount Gay Black Barrel Rum infused with Dry Persimmons,7.5ml of Cinnamon and Ginger Syrup,2 Dashes Angostura Bitters,NA,NA,NA,NA,NA,NA
Devender Kumar,8 1/2 Otto e Mezzo Bombana (Hong Kong),Negroni,30ml of Citadelle Gin,30ml of Campari,30ml of Antica Formula,20 of Cocchi Barolo Chinato,4 dashes of Orange Bitters,4 dashes of Grapefruit Bitters,​,NA,NA
Devender Kumar,8 1/2 Otto e Mezzo Bombana (Hong Kong),The Optimist,60ml of Bacardi Superior,10ml of Ginger Syrup,10ml of Honey Water,22.5ml of Lime Juice,A hand full of Basil,Glass rinsed with Yellow Chartreuse,5 drops of Orange Bitters,5 drops of Grapefruit Bitters,NA
Dustin Haarstad,Canon (Seattle),The Goose Il Loose,45ml of Grey Goose Vodka,15ml of Pineau des Charentes,7.5 ml of Noilly Prat Dry,15ml of Gifford White Cacao,15ml of Lemon Juice,NA,NA,NA,NA
Dustin Haarstad,Canon (Seattle),Stargazer,30ml of Bacardi 8,30ml of Smith and Cross,15ml of Passion Fruit Puree,15ml of Velvet Falernum,7.5ml of Tonka Bean Syrup,2 dashes of Angustura Bitters,NA,NA,NA
Elena Zanon,NA,Margarita,50ml of Mezcal,"20ml of Homemade Fireball (Whisky liqueur with cinnamon, ginger and long pepper)",20ml of Lemon,20ml of Dry Agave,NA,NA,NA,NA,NA
Elena Zanon,NA,Limoncillo,1 Stick Crushed Lemongrass,40ml of Mezcal,30ml of Lemongrass Cordial,10ml of Ginger Cordial,30ml of Lemon,10ml of Simple syrup,NA,NA,NA
Elias Stergiopoulos,Baba au Rum (Athens),Baba au rum,55ml of light bodied cuban style Rum,25ml of Fresh Lime Juice,23ml of Sugar Syrup,5ml of Green Chartreuse,1 Basil Leaf,2 dashes of Angostura Bitters,5 drops of Salt Solution,NA,NA
Elias Stergiopoulos,Baba au Rum (Athens),Duchamp’s Punch,50ml of Peruvian Pisco Italian Grape Variety,25ml of Fresh Lime Juice,25ml of Fresh Homemade Pineapple Syrup,15ml of Elderflower Liqueur,2 dashes of Angostura Bitters,1 twist of Whiter Pepper,NA,NA,NA
Ernesto Guerra,Dry Martini (Barcelona),Dry martini,60ml of gin,2 dashes of Noilly Prat,3 drops of drop lets cardamom,Lemon twist,NA,NA,NA,NA,NA
Ernesto Guerra,Dry Martini (Barcelona),Golden Vesper Martini,50ml of Vodka,30ml of Gin,10ml of Martini Gold,Lemon wist,NA,NA,NA,NA,NA
Fabio Cavagna,1930 (Milan),Manhattan,45ml of Rittenhouse 100 proof Rye Whiskey,45ml of Vermouth del Professor,5ml of Gum Syrup,1 dash of Orange Bitters,NA,NA,NA,NA,NA
Fabio Cavagna,1930 (Milan),Caronte,40ml of Octopus Black Ink Bourbon Whisky,5 drops of Absinthe,10 drops of Barbecue bitters,2.5ml of Riso Venere Gum Syrup,2.5ml of Saffron Syrup,35ml of Red Pepperoni Dry Vermouth,NA,NA,NA
Fernando Requena,Collage (Barcelona),The gonzales: Martinez twist,50ml of Sipsmith VJOP gin,30ml of Carpano Antica Formula,20ml of Sipsmith sloe gin,1 dash of orange bitter,1 dash of chocolate bitter,NA,NA,NA,NA
Fernando Requena,Collage (Barcelona),Goldsilk,50ml of tequila Excellia reposado,30ml of blended home made vermouth,5ml of Grand Marnier,5ml of water,Smoke with cinamon and orange,NA,NA,NA,NA
Fito Raba,Dry Bar (San Sebastian),Dry Martini,60ml of Williams Chase Elegant 48 Gin,1 dash of Noilly Prat Dry Vermouth,NA,NA,NA,NA,NA,NA,NA
Fito Raba,Dry Bar (San Sebastian),Selina’s Cat,30ml of Leblon Cachaça,15ml of Tequila,10ml of Grand Marnier,20ml of Pomelo Juice,10ml of Lemon Juice,5ml of Amaretto,5ml of Simple Syrup,10 dashes of Black Colourant,Top with Pina Colada Chantilly
Francesco Bonazzi,Backdoor 43 (Milan),Rob Roy,45ml of Oban Little Bay whisky,22.5ml of Cocchi Torino vermouth,1 dash of Orange Bitter,NA,NA,NA,NA,NA,NA
Francesco Bonazzi,Backdoor 43 (Milan),Smokers,45ml of Talisker Storm Whisky,20ml of Umeshu Shiso Extra,10ml of Cocchi Torino Vermouth,2.5ml of Demera molasses,1 dash of Teapot bitter,NA,NA,NA,NA
Gabor Fodor,Artesian Bar (London),HMS ,50ml of Plymouth Navy Gin,70ml of Homemade Acerola Cordial (Falernum and Acid),NA,NA,NA,NA,NA,NA,NA
Gabor Fodor,Artesian Bar (London),International Phonetic Alphabet (IPA),45ml of Glenfiddich IPA,15ml of Unicum Keseru,20ml of Lemon Juice,10ml of Sugar Cane Syrup,1dash of Salt,Top with Supermalt,NA,NA,NA
Gento Torigata,Gibson (Singapore),Gibson,50ml of Roku Gin,7.5ml of Japanese Sake Vermouth,NA,NA,NA,NA,NA,NA,NA
Gento Torigata,Gibson (Singapore),Jack Rosella,45ml of Christian Drouin Calvados,3 tablespoons of Fresh Pomegranate Seeds,7.5ml of Roselle Cordial (Hibiscus Bud),4 dashes of Thai Tea Tincture,​,NA,NA,NA,NA
Georges Sahinides,Tailors Concept (Luxembourg),Whisper,20ml of Bols Genever,20ml of Dubonnet infused with Blood Orange,20ml of Aperol,Smoked with Thyme,A Spray of Kefir Lime,NA,NA,NA,NA
Georges Sahinides,Tailors Concept (Luxembourg),Ritzy,40ml of Applewood Gin,20ml of Mancino Secco Vermouth,0.5ml of Black Ceylan and Bergamot,0.5ml of Benriach 10 year old Whisky,NA,NA,NA,NA,NA
Georgia Billing,Sexy Fish (London),Nobody’s Perfect,50ml of Calvados,25ml of Homemade Vermouth,10ml of Apricot Brandy,4 drops of Rosemary’s Bitters,NA,NA,NA,NA,NA
Georgia Billing,Sexy Fish (London),Shrinking Violet Number 2,25ml of Roku Gin,10ml of Butterfly Pea Syrup,Top with Champagne,Orange and Peach Bitter Spray,NA,NA,NA,NA,NA
Giacomo Giannotti,Paradiso (Barcelona),Gatsby,50ml of Macallan Amber Whisky,10ml of Amaro Ramazzotti,7ml of Truffle Honey,3 dashes of Lavender Bitter,"Smoked with Vanilla, Chocolate and Tobacco",Served with Blue Cheese,NA,NA,NA
Giacomo Giannotti,Paradiso (Barcelona),Mediterranean Treasure,20ml of Fino Sherry infused with Oyster Leaves,5ml of Saint Germain Edelflower Liqueur,17.5ml of Lemon Juice,12.5ml of Agave Syrup,6-8 of Fresh Leaves Coriander,1 Egg White,NA,NA,NA
Ginevra Castagnoli,Creps al Born (Barcelona),Daiquiri,60ml of Plantation Rum 3 Stars,25ml of Lime Juice,10ml of Simple Syrup,NA,NA,NA,NA,NA,NA
Ginevra Castagnoli,Creps al Born (Barcelona),Orange is The New Black,30ml of Cointreau,20ml of Pisco 1615 de Gran Terruno,15ml of Fino Sherry,5ml of White Chocolate Syrup,25ml of Lime Juice,25ml of Orange and Carrot Juice,NA,NA,NA
Giorgio Bargiani,The Connaught Bar (London),Mulata Daisy,20ml of Lime Juice,1 Barspoon of Caster Sugar,1/2 Spoon of Fennel Seeds,20ml of Cocoa Cream,10ml of Galliano Autentico,NA,NA,NA,NA
Giorgio Bargiani,The Connaught Bar (London),GoodFellas,10ml of Black Cardamon Syrup,20ml of Martini Rubino,1 Barspoon of Balsamic Vinegar,2 Dashes of Abbot’s Bitters,NA,NA,NA,NA,NA
Giuseppe Tatone,Luau Tiki Bar (Bari),Kingston Town,45ml of dark jamaican rum,1 lime,25ml of orgeat homemade syrup,2 dashes of orange bitters,2 dashes angustura bitters,NA,NA,NA,NA
Gn Chan,Angel’s Share (New York),Spunoni,30ml of Campari,40ml of Grapefruit Juice,Top with Soda,Top with Plum Powder,NA,NA,NA,NA,NA
Gn Chan,Angel’s Share (New York),Venceremos (Winner of the Bacardi Legacy 2016),45ml of Bacardi Carta Blanca,15ml of coconut liqueur,25ml of pineapple juice,15ml of cucumber juice,5ml of lime juice,1 dash sesame oil,NA,NA,NA
Greg Almeida,NA,Orbis Non Sufficit (The World is not Enough),50ml of Fords Gin,15ml of Roots Mastiha (infused with pink grapefruit skin),15ml of Pistachio Aged Vermouth Blend,NA,NA,NA,NA,NA,NA
Gregory Buda,The Dead Rabbit (New York),The Pub Thug (Riff on a Saratoga),1/2 teaspoon of Cinnamon Cordial,15ml of Amaro Meletti,"22,5ml oz of Malmsey Madeira","22,5ml  of Bulleit Rye",30ml of Pierre Ferrand 1840 Cognac,NA,NA,NA,NA
Gregory Buda,The Dead Rabbit (New York),White Rabbit,3 dashes of Tarragon Tincture,3 dashes of Amere Nouvelle,15ml of Lemon Juice,22.5ml of Fresh Parsnip Juice,22.5ml of Orange Sherbet,30ml of Pale Cream Montilla,45ml of  Tanqueray Gin,Grated Nutmeg,NA
Guillaume Bisiaux,Jefreys (Paris),Sazerac unforgettable,15ml of vanilla roasted pineapple syrup,35ml of rum zaccapa 23 years old,35ml of cognac folle blanche,Barspoon of absinthe,2 Dashes bitter of du maquis,Orange twist,Pineapple slice,NA,NA
Guillaume Bisiaux,Jefreys (Paris),Mille milliards de mille sabords ,50ml of rum  zaccapa 23 years old,"2,5ml of Jerez Oloroso",10ml of cocoa vanilla cream,2 Dashes of chocolat cookie,2 Dashes of bitter chocolat,NA,NA,NA,NA
Guillaume LeBlanc,Dirty Dick (Paris),Royal bermuda yacht club n°2,3 dashes of angustura bitters,15ml of triple sec,20ml of Falernum,50ml of Rum Gosling,A twist of lime discarded,NA,NA,NA,NA
Guillaume LeBlanc,Dirty Dick (Paris),Outcider,40ml of Calvados,10ml of honey sirup,20ml of lemon juice,Tonka beans grated,Top with champagne,NA,NA,NA,NA
Guillaume LeDorner,69 Colebrook Row (London),Dry Martini,50ml of gin,15ml martini extra dry with dry essence,1 olive,NA,NA,NA,NA,NA,NA
Guillaume LeDorner,69 Colebrook Row (London),Avignon,50ml of cognac,15ml of camomile syrup,Put in frankincence smoked glass,NA,NA,NA,NA,NA,NA
Guillaume Quenza,Fréquence (Paris),Manhattan,1 dash of Peychaud Bitters,1 dash of Angostura Bitters,1/2 barspoon of Luxardo Maraschino Liqueur,15ml of Blended Homemade Vermouth,45ml of Springbank 10 year old Whisky,NA,NA,NA,NA
Guillaume Quenza,Fréquence (Paris),Suzanne,40ml of Bols Old Genever,15ml of Suze,15ml of Apple Anise Syrup,15ml of Lime,NA,NA,NA,NA,NA
Hampus Thunholm,Ling Long (Stockholm),Brooklyn,40ml of Redbreast 12 years,20ml of China China,10ml of Carpano classico,1 barspoon of Luxardo Maraschino,1 dash of Orange Bitters,NA,NA,NA,NA
Hampus Thunholm,Ling Long (Stockholm),Double duck,30ml of vodka infused with duck fat,20ml of shoshu jasmine tea,30ml of lemon,20ml of sugar syrup,30ml of egg white,NA,NA,NA,NA
Hamish Dowie,Swift (London),Cardinal,45ml of London Dry Gin,20 ml of Campari,20ml of Dry Vermouth,NA,NA,NA,NA,NA,NA
Hugo Gent,Fifty-Fifty (Paris),White Negroni,40ml of Beefeater Gin,20ml of Cocchi Americano Vermouth,30ml of Suze Saveur d’Autrefois,NA,NA,NA,NA,NA,NA
Hugo Gent,Fifty-Fifty (Paris),Aguardiente,45ml of Vale Verde Cachaça 3 years old,10ml of Pandan Syrup,10ml of Frangelico Liqueur,10ml of Dolin Dry Vermouth,NA,NA,NA,NA,NA
Ian Mcintyre,Nola (London),Perfect Manhattan,50ml of Rye whisky,10ml of dry vermouth,10ml of sweet vermouth,2 barspoons of luxardo cherries syrup,2 dashes angustura bitters,1 dash of absinthe,NA,NA,NA
Ian Mcintyre,Nola (London),Elysian Fields,35ml of blended scotch,35ml of mancino vermouth,15ml of fino sherry,1 dash of peach bitters,NA,NA,NA,NA,NA
Ilan Kavak,Blind Pig (London),Treacle,60ml of dark rhum,50ml of apple juice,10ml of simple syrup,2 dashes of angostura bitters,NA,NA,NA,NA,NA
Ilan Kavak,Blind Pig (London),Mezcalito,50ml of Vida mezcal,25ml of lime juice,20ml of homemade ginger syrup,2 dashes of orange bitter,10ml of apricot brandy,NA,NA,NA,NA
Ivan Avellaneda,Candelaria (Paris),Toronto,50ml of Rye whiskey Mitchers,10ml of Fernet Branca,1 barspoon of gumsyrup,2 dashes of dandelion bitters,NA,NA,NA,NA,NA
Ivan Avellaneda,Candelaria (Paris),Mother’s julep,40ml of vodka Absolut Exlyx,15ml of Suze,25ml of passionfruit shrub,20ml of lemon,4 dashes of pastis,NA,NA,NA,NA
Jacob Van Hemessen,Blind Pig (London),Sazerac twist,35ml of Martel VSOP,15ml of Balcones Brimstone whisky,20ml of Cocchi vermouth di Torino,5ml of sugar syrup,2 dashes of peychaud bitters,2 dashes of orange bitters,NA,NA,NA
Jacob Van Hemessen,Blind Pig (London),Pursuit of Hoppiness,35ml of Moonshine Kid Gin,25ml of lemon juice,15ml of grapefruit sorbet,A splash of india pale ale,NA,NA,NA,NA,NA
Javier Sham Lourenco,Sherry Butt (Paris),Mystic Rivers (bamboo twist),20ml of Yoichi 15 years old,25ml  of madeira dry infused with pandan,15ml of vermouth dry,10ml of manzanilla sherry,Barspoon of coffee and lapsong souchong,1 dash of vanilla bitters,NA,NA,NA
Javier Sham Lourenco,Sherry Butt (Paris),Le laid,30ml of Calvados,25ml of chaï syrup with soy milk and spices,20ml of lemon,1 dash of vanilla bitters,NA,NA,NA,NA,NA
Jay Khan,COA (Hong Kong),Paloma,15ml of Tequila,15ml of Mezcal,5ml of Lime Juice,Top with Grapefruit Soda,Rim with Worm Salt,NA,NA,NA,NA
Jay Khan,COA (Hong Kong),Orchata de Pistachio,40ml of Tequila,20ml of Orchata,20ml of Pistachio Orgeat,20ml of Lemon Juice,10ml of Whey,NA,NA,NA,NA
Jay Smith,Reverand JW Simpson (London),Larder batch (Twist of old fashioned),60ml of Bourbon Four Roses small batch,15ml of Pinot noir reduction (cardamon and pink peppercorns),1 dash of Angustura bitters,NA,NA,NA,NA,NA,NA
Jay Smith,Reverand JW Simpson (London),Fir Douglas Rathbone Esquire,20ml of Rathbone gin,30ml of home made Fir Douglas liquor,20ml of lemon juice,7ml of mapple syrup,Spray of bergamot oil,NA,NA,NA,NA
Jen Riley,Red House (Paris),Andiamo White Sands,30ml of Tequila Reposado,15ml of Salers,15ml of Cocchi Americano,1 Barspoon of Agave Syrup,NA,NA,NA,NA,NA
Jen Riley,Red House (Paris),Nightbird,30ml of Laphroaig Quarter Cask,20ml of Talisker Skye,0.5ml of Gum Syrup with Calvados and Cider,5 dashes of Violet Cream,2 drops of Teapot Bitters,1 Spray of Bergamot Essence,NA,NA,NA
Jennifer Le Nechet,Café Moderne (Paris),Bayamesa,55ml of Ron Zacappa,20ml of Suze,25ml of Lime,40ml of Homemade Cola,2 dashes of Old Fashioned Bitters,NA,NA,NA,NA
Jennifer Le Nechet,Café Moderne (Paris),Dry Julep,40ml of Bulleit Bourbon infused at 30C° with Mint (redistilled),40ml of Bulleit Rye Whiskey,"20ml of Teluric Cordial (citrus zest, tea and mint)",3 dashes of Old Fashioned Bitters,3 dashes of Orange Bitters,NA,NA,NA,NA
Jerimias Barna,La Serre (Dubai),Smoky boulevard (boulevardier),20ml of whisky Chivas 12 years old,10ml of Carpano Classico,20ml of Aperol,1 dash of orange bitters,2 dashes of Aztec chocolate bitters,2 barspoons of Australian Pedro Jimenez,A Spray of Laphroaig ten,NA,NA
Jerimias Barna,La Serre (Dubai),Renaissance number 2,20ml of Tanqueray gin,20ml of Créole orange shrub,20ml of Luxardo Maraschino,20ml of lemon juice,Glass rinced with Pernod,NA,NA,NA,NA
Jerome Allaguillemette,Sexy Fish (London),Bobby Burns ,25ml of Yamazaki distilled reserve,25ml of Antica formula,5ml of Benedictine,NA,NA,NA,NA,NA,NA
Jerome Allaguillemette,Sexy Fish (London),Dai Kirin,45ml of Havana club 3 years rum,15ml of yuzu,15 ml of lemon grass and ginger cordial infuse with kefir,1 kumquat,Foam of absinthe and matcha tea,NA,NA,NA,NA
Jia Wei,Employees Only (Singapore),Godfather,2 oz of Singleton 12 Year Old Scotch Whisky,0.5 oz of Amaretto Luxardo,0.25 oz of Frangelico,1 dash of Chocolate Bitter,NA,NA,NA,NA,NA
Jia Wei,Employees Only (Singapore),EO Gimlet,1.5 oz of Perry’s Tot Gin,"0.75 oz of EO’s Lime Cordial (lime, agave and kaffir lime)",NA,NA,NA,NA,NA,NA,NA
Joe Lewis-White,American Bar at The Savoy (London),Chrysanthemum,20ml of Dry Vermouth,15ml of Benedictine,3 dashes of Absinthe,NA,NA,NA,NA,NA,NA
Joe Lewis-White,American Bar at The Savoy (London),Basil Ionides,45ml of Ron Zacapa,1 dash of Smoked Whisky,1 dash of Peychauds Bitters,5ml of Mastiha,10ml of Salted Cocoa Liqueur,30ml of Cocoa Infused Cocchi di Torino,NA,NA,NA
Joe Schofield,American Bar at The Savoy (London),Dry Martini,60ml of Beefeater Gin,20ml of Savoy Dry Vermouth,1 drop of Savoy Martini Bitters,NA,NA,NA,NA,NA,NA
Joe Schofield,American Bar at The Savoy (London),Mother’s Milk,40ml of Beefeater Gin,40ml of Burnt Milk with Vanilla and Lemon,15ml of Burnt Milk Syrup,NA,NA,NA,NA,NA,NA
Johan Tufvesson,La Serre (Dubai),Sazy back,40ml Rye,10ml Sloe gin,10ml green chartreuse,10ml of Byrrh,Smoking glass with lemon wood sprayed with absinthe,2 dashes of creole bitters,3 dashes of lemon bitters,1 dash angustura,NA
Johan Tufvesson,La Serre (Dubai),Cathacombe,30ml Calvados,15ml of cognac,10ml Pedro Jimenez,15ml dolin rouge,5ml demerara 2.1,2 dashes old fashioned,2dashes plum bitter,2dashes angostura,NA
John Holzinger,Bourbon and Branch (San Francisco),The chiefton’s daughter,3/4 oz of Lillet,3/4 oz of lemon juice,0.5 oz of Camomile syrup,8 dashes of lemongrass tecture,0.5 oz of tonic,NA,NA,NA,NA
John Holzinger,Bourbon and Branch (San Francisco),Seige of boonesborough,1.5 oz of Mitcher’s Rye Whiskey,"0,5 oz of Calvados",3/4 oz of Lemon juice,0.5 oz of Brown Sugar syrup,0.25 oz of Benedictine,4 dashes of Chocolate bitters,NA,NA,NA
Johnathan Le Mee,Sherry Butt (Paris),The Drunken Poet,30ml of Noilly Prat,2 barspoons of Pedro Jimenez1 dash of Orange Bitters,NA,NA,NA,NA,NA,NA,NA
Johnathan Le Mee,Sherry Butt (Paris),De Plata o Plomo,15ml of Homemade Liqueur of Coffee and Cumin,20ml of Lime juice40ml of Embargo Rum,NA,NA,NA,NA,NA,NA,NA
Jon Lee,Tippling Club (Singapore),Daiquiri,60ml of Bacardi Rum,30ml of Lime,2 barspoons of Sugar,Pinch of Salt,NA,NA,NA,NA,NA
Jon Lee,Tippling Club (Singapore),Vida Rica,50ml of Bacardi 8 Rum,20ml of Lemon Juice,25ml of Egg Yolk,25ml of Caramel Syrup,3 dashes of Blossom Waters,NA,NA,NA,NA
Jordi Ba,NA,Vintage Gibson,Rince the ice with Noilly Prat Dry Vermouth90ml of Plymouth Gin from the 70’sHomemade Pickled Onion,NA,NA,NA,NA,NA,NA,NA,NA
Jordi Ba,NA,Sangre y Arena,30ml of Koch Mezcal,30ml of Blood Orange Juice,20ml of Noilly Prat Dry Vermouth,20ml of Cherry Heering,NA,NA,NA,NA,NA
ques Velasquez,NA,Vintage Gibson,Rince the ice with Noilly Prat Dry Vermouth90ml of Plymouth Gin from the 70’sHomemade Pickled Onion,NA,NA,NA,NA,NA,NA,NA,NA
ques Velasquez,NA,Sangre y Arena,30ml of Koch Mezcal,30ml of Blood Orange Juice,20ml of Noilly Prat Dry Vermouth,20ml of Cherry Heering,NA,NA,NA,NA,NA
Jose Luis Leon,Licoreria Limantour (Mexico City),Margarita Pastor,50ml of Tequila Silver,15ml of Triple Sec,"50ml of Taco Mix (Pineapple Juice, Agave Syrup, Coriander, Mint, Basil and Chilli)",25ml of Lime Juice,NA,NA,NA,NA,NA
Jose Luis Leon,Licoreria Limantour (Mexico City),Madero,45ml of Plymouth Gin,15ml of White Lillet,15ml of St Germain,40ml of Pineapple Juice,15ml of Lemon Juice,10ml of Mint Syrup,15ml of Egg White,NA,NA
Joseph Akhavan,Mabel (Paris),El Presidente,50ml cuban rum Bristol Sancti Spiritus 2003,15ml fino sherry,7.5ml dry curaçao,1 barspoon organic grenadine,2 dashes homemade aromatic bitters,NA,NA,NA,NA
Joseph Akhavan,Mabel (Paris),Aboukir punch,60ml Tawny Port infused with pandan,15ml Doorly’s 5 year old Rum,30ml pomelo and cardamon sherbet,3 dashes teapot bitters,NA,NA,NA,NA,NA
Joseph Hall,Satans Whiskers (London),Tuxedo #2,50ml of Tanqueray Gin,25ml of Noilly Prat Dry Vermouth,5ml of Maraschino Liqueur,2 dashes of Orange Bitters,1 dash of Absinthe,NA,NA,NA,NA
Joseph Hall,Satans Whiskers (London),The Yellow Bird,35ml of Bacardi 8,35ml of Pineapple Juice,15ml of Lime and Sugar,5ml of Apricot Liqueur,5ml of Vanilla Liqueur,A chunk of Banana,NA,NA,NA
Josh Joyce,FARE (London),Ward 8,2 Oranges Slices,15ml of Lemon Juice,15ml of Simple Syrup,5ml of Grenadine,45ml of Bourbon Whiskey,​,NA,NA,NA
Josh Joyce,FARE (London),Straight Flush,2 Small Strawberries,15ml of Lemon Juice,20ml of Simple Syrup,15ml of Aperol,15ml of Pink Grapefruit Juice,40ml of VSOP Cognac,NA,NA,NA
Juan Yijun,Operation Dagger (Singapore),Bee Pollen Refashioned,30ml of House Blend Rye Whiskey,30ml of House Blend Bourbon,10ml of Gum Syrup,10g of Bee Pollen Granules,1 dash of Abbots House Bitters,1 dash of Angostura Bitters,NA,NA,NA
Juan Yijun,Operation Dagger (Singapore),Hot and Cold,30ml of infused Pineapple and Lavender Tequila,20ml of Agave Nectar,3 wedges of Pineapple,2 wedges of Lime,White Chocolate and Coconut Foam,NA,NA,NA,NA
Julius Yates,Lobo Plantation (Sydney),Agricole Saserac,20ml of Rum,20ml of Rye,20ml of homemade Rosso Vermouth,10ml of Benedictine,2 dashes of peychaud bitters,2 dashes of angostura bitters,Glass rinse with absinthe,NA,NA
Julius Yates,Lobo Plantation (Sydney),The Shipwreck,30ml of spiced rum,45ml of grapefruit and pineaple juice,30ml of lemon juice,20ml of homemade Spice pineapple syrup,15ml of passionfruit,15ml of spice overproof rum,NA,NA,NA
Keila Urzaiz de Calignon,Artesian Bar (London),Expresso Martini,45ml of Greygoose Vodka infused with Half Roasted Coffee Bean,15ml of Green Coffee Syrup,20ml of Cold Brue Coffee,20ml of Martini Ambrato,NA,NA,NA,NA,NA
Keila Urzaiz de Calignon,Artesian Bar (London),Florecita,40ml of Gin,20ml of Verjus,10ml of Campari,20ml of St Germain,NA,NA,NA,NA,NA
Keltoum Arrachidi,Le Mary Celeste (Paris),Manhattan with Rum,20ml of cocchi vermouth di Torino,50ml of plantation jamaica rum,2 dashes of peychaud bitters,1 zest of grapefruit,NA,NA,NA,NA,NA
Keltoum Arrachidi,Le Mary Celeste (Paris),Beetroot Fields Forever,25ml of Amaro Lucano,25ml of nut wine,10ml of capillary syrup,20ml of lemon,1 pinch of grows beet germinated,NA,NA,NA,NA
Krzysiek Brzostowski,Woda Ognista (Warsaw),The Puritan,40ml of Beefeater Gin,20ml of Martini Extra Dry Vermouth,3.5ml of Yellow Chartreuse,1 dash of Orange Bitters,NA,NA,NA,NA,NA
Krzysiek Brzostowski,Woda Ognista (Warsaw),Japanese Fashion,5ml of Laphroaig 10,3.5ml of Orgeat Syrup,2 dashes of Angostura Bitters,2 dashes of Orange Bitters,A Spray of  Laphroaig,NA,NA,NA,NA
Ladislav Piljar (Lad),Red Bar (London),Rising Sun,30ml of Hakushu 12 years old,20ml of umeshu Akashi-Tai,15ml of green tea home made syrup,1 dash of grapefruit bitter,25ml of lemon juice,Egg white,Garnish with Angustura bitter,NA,NA
Leonardo Giorgini,Monna Lisa Caffe (Ostuni),Hemingway Daiquiri,60 ml of tequila Don Julio,30 ml of grapefruit juice,15 ml of lime juice,"20 ml of homemade shrub with mango, ginger and pinkpepper",NA,NA,NA,NA,NA
Leonardo Giorgini,Monna Lisa Caffe (Ostuni),Italian 23,40 ml of cedar water Nardini,25 ml of grapefruit juice,15 ml of sugar,Top with Prosecco,NA,NA,NA,NA,NA
Liana Oster,Dante (New York),Garibaldi,45ml of Campari,1 fresh Orange Juice,NA,NA,NA,NA,NA,NA,NA
Liana Oster,Dante (New York),Rosolio Spritz,25ml of Italicus,15ml of Tequila,15ml of Simple Syrup,22.5 ml of Lemon Juice,1 barspoon of Vanilla Yoghurt,Top with Prosecco,NA,NA,NA
Lilian Sausset,Papa Doble Montpelliers),À la Louisiane,30ml of Rye Whisky,30ml of Punt e Mes,30ml of Benedictine,3 dashes of Absinthe,3 dashes of Red Aromatic Bitters,NA,NA,NA,NA
Lilian Sausset,Papa Doble Montpelliers),Zebra,50ml of Disaronno Amaretto,20ml of Fresh Lime Juice,30ml of Apricot and Mint Shrub,3 dashes of Absinthe,1 Egg White,NA,NA,NA,NA
Louis Lebaillif,Little Red Door (Paris),Biomimetics,5ml of Kirsch,10ml of Cherry Blossom Cordial,15ml of Cherry Stalk Infusion,30ml of Vodka infused with Cherry Wood,NA,NA,NA,NA,NA
Louis Lebaillif,Little Red Door (Paris),Pelo del Perro ,25ml of Cap Corse Mattei,25ml of Merlet Melon cream,2dashes of Laphroaig whisky,1 dash of Absinthe,1 dash of Saline solution,NA,NA,NA,NA
Luca Milano,Silk & Grain (London),Moscow mule,50 ml of barrel aged vodka,15ml of lime juice,2dashes of whisky barrel,Top with ginger beer,NA,NA,NA,NA,NA
Luca Milano,Silk & Grain (London),Apple and pepper Sour,45ml of gin,20ml of manzana verde,20ml of lemon juice,20ml of apple juice,Egg white,5ml of orgeat,Top with black pepper,NA,NA
Lucass Maraton,Sherrybutt (Paris),Hanky Panky twisted with cognac,40ml cognac,15ml sweet vermouth,15ml byrrh,Barspoon fernet branca,Barspoon cacao luxardo,Twist of lime,NA,NA,NA
Lucass Maraton,Sherrybutt (Paris),Haitian Burns,Barspoon bénédictine,20ml vermouth del professor,Dash of Bobs orange and mandarin bitter,30ml clairin sajou (Rum),10ml whisky Islay,Twist lime,NA,NA,NA
Manolis Lykiardopoulos,Odori Vermuteria (Athens),Sazerac,30ml of Bulleit Rye Whiskey,30ml of Cognac VSOP,10ml of Dry Vermouth Syrup,2 dashes of Angostura bitters,4 dashes of Ouzo,NA,NA,NA,NA
Manolis Lykiardopoulos,Odori Vermuteria (Athens),1.618 punch,60ml of Tequila Don Julio Reposado,"50ml of Sage, Pineapple and Lime Oleo-saccharum",3 dashes of Creole bitters,2 dashes of Angostura bitters,50ml of Three Cents Ginger beer,NA,NA,NA,NA
Marcio Silva,Ghuilhotina (Sao Paulo),Carrasco,60ml of Havana Club 7 Rum (infused with Brazilian Masala),25ml of Lime Juice,20ml Canana (Cachaca with Banana Liqueur),20ml Masala Syrup,5 dashes of Angostura Bitters,NA,NA,NA,NA
Marcio Silva,Ghuilhotina (Sao Paulo),I am Dark and She is a Storm,50ml of Havana Club 7 Rum,A spray of Balsam Wood Cachaça,5ml of Fresh Ginger Juice,25ml of Molasses with Spices,25ml of Fresh Lime Juice,Top with Soda Water,NA,NA,NA
Marcis Dzelzainis,Sager + Wilde (London),Cardinale,35ml of Gin,25ml Campari,15ml of Dry Vermouth,NA,NA,NA,NA,NA,NA
Marcis Dzelzainis,Sager + Wilde (London),Tahona,10ml of Roasted Pineapple Shrub,25ml of Lemon Juice,20ml of Caramel Agave ,NA,NA,NA,NA,NA,NA
Marco Tagliabue,Creps al Born (Barcelona),Chat Noir (Boulevardier twist),40ml of Bulleit Rye whiskey,25ml of Dubonnet rouge,30ml of Campari,4 drops of tincture of truffle salt,1 dash of angustura bitters,NA,NA,NA,NA
Margot Lecarpentier,Combat (Paris),London Calling,50ml of Fino Sherry,15ml of Lemon Juice,15ml of Simple Syrup,40ml of Cognac,2 dashes of Orange Bitters,NA,NA,NA,NA
Margot Lecarpentier,Combat (Paris),Martin Ricky,1barspoon of Elderflower Vinegar,10ml of Benedictine,20ml of Dolin Dry Vermouth,30ml of Calvados Christian Drouin Sélection,NA,NA,NA,NA,NA
Mario Farulla,Baccano (Rome),Baccano Martini,60ml Star of Bombay Gin or Grey Goose Ducasse Vodka,1 spray of Martini Dry Vermouth,NA,NA,NA,NA,NA,NA,NA
Mario Farulla,Baccano (Rome),The Perfect Negroni,30ml of Martini Bitter,45ml of Martini Reserva Vermouth,30ml of Star of Bombay Gin,3 drops of Saline Solution,1 spray of Origami Essence,1 spray of Bay Leaf Essence,NA,NA,NA
Martin Siska,Dry Martini (London),Boulevardier,35 ml of Whistlepig Rye whiskey,25ml of Belsazar dry vermouth,30ml of Aperol,2drops of tonka bean droplets,NA,NA,NA,NA,NA
Martin Siska,Dry Martini (London),Year of the lady,50ml of Hennessy Cognac,10ml of pear Williams eau de vie,20ml of lemon juice,10ml of vanilla syrup,10ml of cinamon syrup,1 egg white,NA,NA,NA
Mathieu Le Feuvrier,The Peninsula Hotel (Paris),Mathy’s Margarita,50ml of tequilla Avion Blanco,30ml of lime,20ml of agava syrup,20 ml of green chartreuse,2 tea spoon of herbs de provence,Garnish romarin lavande,NA,NA,NA
Mathieu Le Feuvrier,The Peninsula Hotel (Paris),Bolber,40ml of Bacardi Heritage,20ml of Martini bitter,2 barspoons of sugar cane,3 tea spoons herbs de provence,4 quarters of lime,Top with ginger ale,NA,NA,NA
Matteo di Ienno,Locale (Florence),Negroni Timido,30ml of Tanqueray Gin,30ml of Belsazar White Vermouth,30ml of Luxardo Bitter,10g of Hibiscus Flower,NA,NA,NA,NA,NA
Matteo di Ienno,Locale (Florence),Api Del Giambologna,45ml of Mathusalem Ron Gran Reserva 15,"30ml of Tiki Sauce (Grilled Pineapple, Honey, Raspberry, Rice Milk and Turmeric)",45ml of Fermented Pineapple Skin with Jamaïcain Pepper,15ml of Nettle and Orange Liqueur,1/2 Lime Twist,Foam of Bee Pollen,NA,NA,NA
Matthew Long,Lulu White (Paris),Mark Scott.com,30ml of red dolin,30ml of cold brewed coffee,15ml of tequila Calle 23,1.25ml of Absinthe,1.25ml of Rose water,NA,NA,NA,NA
Mauricio de la Vega,La Suerte del Coyote (Tulum),Margarita,30ml of  Mezcal Ocho Coyote Espadin Agave,15ml of Triple Sec,30ml Simple Syrup,135ml of Fresh Lime Juice,NA,NA,NA,NA,NA
Mauricio de la Vega,La Suerte del Coyote (Tulum),Culichi,6 pieces of Fresh Pineapple,1 sprig of Rosemary,30ml of Simple Syrup,45 ml of Mezcal Reposado Coyotito (steeped  in raisin and pineapple for 1 month),45ml of Lime Juice,NA,NA,NA,NA
Max Vennings,Three Sheets (London),Shiso Miso,50ml of Nikka All Malt Fat Washed with Shiso Leaves and White Miso Paste,10ml of Sugar Syrup,6 dashes of Angostura Bitters,NA,NA,NA,NA,NA,NA
Max Vennings,Three Sheets (London),French 75,108g of Star of Bombay Gin,30g of Lemon Juice,50g of Sugar Syrup,95g of Minus 8 Verjus,180g of Dry Moscato,1g of Orange Flower Water,300g of Water,NA,NA
Maxime Potfer,Experimental Cocktail Club (Paris),Adonis,40ml of Antica Formula,40ml of Oloroso Sherry,2 dashes of Scrappy’s Orange Bitters,NA,NA,NA,NA,NA,NA
Maxime Potfer,Experimental Cocktail Club (Paris),Le meilleur,30ml of Verjus,30ml of Fino Sherry,15ml of Sugar Syrup,15ml of Pierre Ferrand 1840 Cognac,NA,NA,NA,NA,NA
Mia Seo,Uncle Ming’s (Sydney),Old fashioned,60ml of japanese whisky,4 dashes of Orange bitter,A dash of soda,A cube of sugar,NA,NA,NA,NA,NA
Mia Seo,Uncle Ming’s (Sydney),Lemon soju,60ml of fresh lemon,90ml of japanese soshu,30ml of lemongrass syrup,10ml of lime,Top with sodas,NA,NA,NA,NA
Michael Mas,Le Mary Celeste (Paris),Artiste Special,15ml of grenadine,15ml of lemon juice,30ml of amontillado,30ml of Scotch whisky,NA,NA,NA,NA,NA
Michael Shone,Salon 39 (Copenhagen),El Presidente,45ml of White Rum,45ml of Dry Vermouth,1 bar spoon of Orange Curacao,2 drops of Grenadine,1 dash of Orange Bitters,NA,NA,NA,NA
Michael Shone,Salon 39 (Copenhagen),Leek-alise it,45ml of Malted Genever,45ml of Leek and Lime cordial,Top with Soda,NA,NA,NA,NA,NA,NA
Mido Ahmed Yahi,Café Moderne (Paris),Jockin’ Jay Z,30ml of Tanqueray Gin infused with Bergamot,25ml of Campari infused with Bergamot,15ml of Fino Sherry,10ml of Suze D’Autre Fois,Top with Grapefruit Juice Soda,NA,NA,NA,NA
Mido Ahmed Yahi,Café Moderne (Paris),French Palenque,25ml of Mezcal Vida del Maguey,15ml of Rum Zacappa 23,20ml of Plantation Jamaican Rum,2 dashes of Spanish Bitters,3 dashes of Angustura,2 dashes of Café Moderne Bitters,2 dashes of Orange,Foam of Rinquinquin and St Germain,NA
Mimi Lorandova,Red Bar (London),French 75 twist,25ml of lemon sorbet,15ml of cocchi americano,Top with champagne,1 dash of angustura bitter,NA,NA,NA,NA,NA
Mimi Lorandova,Red Bar (London),Heart’s desire,35ml of Nikka all malt,15ml of lemon juice,20ml of rasperry sirup,35ml of oriental rose tea,NA,NA,NA,NA,NA
Mitsuhiro Nakamura,The Peninsula (Tokyo),Gargoyle,45ml of Ryoma Japanese Rum,10ml of Snake Liqueur,5ml of Simple Syrup,5ml of Smoked Japanese Tea Bitters,4 dashes of  Jerry Thomas Bitters,NA,NA,NA,NA
Mitsuhiro Nakamura,The Peninsula (Tokyo),Double R,45ml of Nikka Coffey Grain Whisky,30ml of Matcha Tea,10ml of Passion Fruit Syrup,5ml of Simple Syrup,5ml of Lemon juice,NA,NA,NA,NA
Moe Aljaff,Two Schmucks (Barcelona),Daiquiri,65ml of White Rum,22.5ml of Lime,2 teaspoons of Sugar,NA,NA,NA,NA,NA,NA
Moe Aljaff,Two Schmucks (Barcelona),The Indiano,45ml of White Rum,10ml of Pedro Ximenez Sherry,5ml of Fernet Branca Menta,22.5ml of Coconut Water,35ml of Cold Brew Coffee,1 dash of Salt Solution,90ml of Tonic,NA,NA
Natalie Lau,The Old Man (Hong Kong),Corpse Reviver N°2,Glass rinsed with Absinthe,20ml of Gin,20ml of Lemon,20ml of Cointreau,20ml of Cocchi Americano,NA,NA,NA,NA
Natalie Lau,The Old Man (Hong Kong),The Snows of Kilimanjaro,30ml of Gin infused with Marshmallow,30ml of Macro-Fermented Raspberry,20ml of Lemon,1 Egg White,Grated Gruyere,NA,NA,NA,NA
Nathan Shearer,Callooh Callay (London),Remember the Maine,40ml of Rye whisky,20ml of cocchi Torino,10ml of sherry herring,5ml of absinthe,3 dashes of angustura bitters,NA,NA,NA,NA
Nathan Shearer,Callooh Callay (London),To coin a fraise,30ml of gin,30ml of chamberyzette,15ml of lemon,15ml of sugar,15ml of St Germain,2 dashes of orange bitters,1 dash of bokers bitter,NA,NA
Nazareth Rodriguez,JubJub at Calloh Callay (London),Naked and Famous,20ml of Lime,20ml of Aperol,20ml of Yellow Chartreuse,20ml of Mezcal Marca Negra Dobadan,NA,NA,NA,NA,NA
Nazareth Rodriguez,JubJub at Calloh Callay (London),Jesuze,40ml of Tapatio Reposado Tequila,20ml of Suze,10ml of Velvet Falernum,2 Dashes of Peychaud Bitters,5 Dashes of Citric Acid,NA,NA,NA,NA
Nicolas Blanchard,L’heure du Singe (Toulouse),Toronto-Marseille,45ml of Rye Whiskey Lot 40,10ml of Elixir Suedois Ferroni,2 barspoons of Rapadura liqueur,NA,NA,NA,NA,NA,NA
Nicolas Blanchard,L’heure du Singe (Toulouse),Le Baobab Connoisseur,10ml of Velvet Rum Fire,40ml of a Mix of Brugal and Smith & Cross Aged in a Barrel,1 Egg White,15ml of Baobab Syrup,2 Dashes of Angostura bitters,NA,NA,NA,NA
Nicolas Cruz,Botanero (Paris),Stay a little,30ml of Sercial Madeira 10 years,30ml of Nardini Amaro,15ml of Vecchio Piemonteze Amaro,NA,NA,NA,NA,NA,NA
Nicolas Cruz,Botanero (Paris),Du Colonel,20ml of Lemon Juice,20ml of Peanut Orgeat,30ml of Dolin White Vermouth,20ml of Matured Pastis,Egg white,5 dashes of Angostura bitters,NA,NA,NA
Nicolas Goradesky,Bisou (Paris),Paul Sesame,45ml of Dewar’s 12 Years Old Whisky,15ml of Noilly Prat,15ml of Amontillado Sherry,10ml of Cap Corse,2 dashes of Angostura Bitters,2 drops of Sesame Oil,NA,NA,NA
Nicolas Goradesky,Bisou (Paris),Fabrice Zucchini,45ml of Plantation 3 Star Rum,20ml of Riserva Ambrato Martini,10ml of Fino Sherry,10ml of Acid Solution,25ml of Zucchini Fresh Juice,15ml of Tonic Cumin Syrup,NA,NA,NA
Nicolas Margeot,Carry Nation (Marseille),Ramos gin fizz,15ml of Lemon Juice,15ml of Lime Juice,50ml of Juillet Gin,30ml of Simple Syrup,3 dashes of Orange Flower,20ml of Cream,20ml of Egg White,Top with Perrier,NA
Nicolas Margeot,Carry Nation (Marseille),Ange tu seras,30ml of Maple Syrup,20ml of Lime Juice,4 Mint Leaves,25ml of 1919 Angostura Rum,30ml of Angostura Bitter,NA,NA,NA,NA
Nicolas Munoz,NA,Tommy’s Margarita,50ml of tequila,15ml of cointreau,5ml of sugar,20ml of lime,NA,NA,NA,NA,NA
Nicolas Munoz,NA,Capri c’est fini,50ml of rum plantation 3 stars,4 cherry tomatoes,2 basil leaves,1/2 barspoon of balsamic vinegar,20ml of sugar,20ml  of lemon,NA,NA,NA
Nikolas Zoylinos,Trailer Happiness (London),Toreador,45ml of Mezcal Illegal,25ml of apricot liqueur,25ml of lime,5ml of agave,1 dash of Peychaud bitters,NA,NA,NA,NA
Nikolas Zoylinos,Trailer Happiness (London),Trailer colada,20ml of Rum,20ml of overproof rum,20ml of 1800 coconut tequila,25ml of fresh pineapple juice,15ml coconut cream,10ml of pomegranate molasses,NA,NA,NA
Noel Vennings,Three Sheets (London),Shiso Miso,50ml of Nikka All Malt Fat Washed with Shiso Leaves and White Miso Paste,10ml of Sugar Syrup,6 dashes of Angostura Bitters,NA,NA,NA,NA,NA,NA
Noel Vennings,Three Sheets (London),French 75,108g of Star of Bombay Gin,30g of Lemon Juice,50g of Sugar Syrup,95g of Minus 8 Verjus,180g of Dry Moscato,1g of Orange Flower Water,300g of Water,NA,NA
Oliver Kritzler,Milk & Honey (London),Adonis,4 dashes of Orange Bitters,40ml of Sweet Vermouth,40ml of Amontillado Sherry,NA,NA,NA,NA,NA,NA
Oliver Kritzler,Milk & Honey (London),The Choker,2 Dashes of Angostura bitters,2 Dashes of Absinthe,10ml of Simple Syrup,60ml of Glenmorangie Quinta Ruban whisky,NA,NA,NA,NA,NA
Paige Aubort,Lobo Plantation (Sydney),Hemingway daiquiri,15ml of white rum,10ml of Luxardo,30ml of grapefruite,20ml of lime,A dash of sugar,NA,NA,NA,NA
Paige Aubort,Lobo Plantation (Sydney),Old grogram,50ml of Spiced rum,30ml of home made stout vermouth,25ml of lemon,25ml of sugar,NA,NA,NA,NA,NA
Panos Kanatsoulis,The Clumsies (Athens),"Rum Martinez
45ml of ron Zacapa 23
20ml of Red Port Wine
15ml of Luxardo Maraschino
2 dashes of Chocolate Bitters",45ml of ron Zacapa 23,20ml of Red Port Wine,15ml of Luxardo Maraschino,2 dashes of Chocolate Bitters,NA,NA,NA,NA,NA
Panos Kanatsoulis,The Clumsies (Athens),Jenna Said,"45ml of Aphrodisiac Potion (Tomato Water, Olives, Rosemary…)",60ml of Olive Oil fat Washed Vodka,Chili Sweet and Spicy Powder on the rim,NA,NA,NA,NA,NA,NA
Patrick Pistolesi,Drink Kong (Rome),Perfect Manhattan,50ml of Nikka Coffey Grain Whisky,15ml of Noilly Prat Dry Vermouth,15ml of Antica Formula Carpano,Cap of Amer Picon,2 dashes of Angostura Bitters,2 dashes of Maraschino,NA,NA,NA
Patrick Pistolesi,Drink Kong (Rome),Bowie,50ml of Merlet Eau de Vigne,15ml of Italicus,15ml of Merlet Trois Citrus,20ml of Homemade Citric Solution,7.5ml of Sugar,2 dashes of Grapefruit Bitters,Coral Crusta with Blue Curaçao,Grapefruit Zest,NA
Patrick Thomas,Vintage Cocktail Club (Dublin),Irish Manhattan,60ml of Redbreast 12 years,30ml of Cynar,5ml of ruby port,2 dashes of celery bitters,2 dashes of angostura bitters,NA,NA,NA,NA
Patrick Thomas,Vintage Cocktail Club (Dublin),Smokey Select,50ml of Woodford reserve,20ml of Campari,20ml of Rasperry syrup,3 dashes of peychaud bitter,1 pinch of Maldon smokey sea salt,Twist of orange,NA,NA,NA
Paul Carpentier,Danico (Paris),Martinez,45ml of Gin Tanqueray Ten,20ml of Punt e mes,20ml of Cocchi Vermouth Amaro,5ml of Luxardo Maraschino,2 dashes of orange bitter,NA,NA,NA,NA
Paul Carpentier,Danico (Paris),C’est sake bon,20ml of Pedro Jimenez,25ml of Sake Fukuju,40ml of Rittenhouse 100 proof Rye Whiskey,3 dashes of White Soy sauce,Sprays of Tabacco,NA,NA,NA,NA
Peter Chua,NA,Mezcal Negroni,20ml of Mina Real Blanco Mezcal,20ml of Mancino Vermouth,20ml of Rinomato Aperitivo,1 barspoon of Tempus Fugit Creme de Cacao with Vanilla,NA,NA,NA,NA,NA
Peter Chua,NA,Diplo & Friends,30ml of Diplomatico Rum,15ml of Plantation Rum,30ml of Coconut Cream,"30ml of Fresh Passion Fruit, Vanilla and Cherry",20ml of Lime juice,7.5 ml of Homemade All Spiced Dram,NA,NA,NA
Pierre Marquet,Nami Cocktail Club (Paris),Gin fizz,20ml of Orange and Maracuja Syrup,20ml of Lime Juice,50ml of Gin Mare,Top with Hibiscus Soda,NA,NA,NA,NA,NA
Pierre Marquet,Nami Cocktail Club (Paris),Panela Sour,1 egg white,15ml of Mezcal,30ml of Tequila,15ml of Panela Syrup,15ml of Lemon Juice,15ml of Grapefruit,"Smoked with Orange Zest, Cinnamon Stick, Sesame and Laurel",NA,NA
Pierre Massin,The Barber Shop (Sydney),Bijou,30ml of gin,30ml of red vermouth,30ml of green chartreuse,2 dashes of orange bitters,NA,NA,NA,NA,NA
Pierre Massin,The Barber Shop (Sydney),Razor Blade Rattlesnake,50ml of Rye whiskey,20ml of fenel seed honey syrup,30ml of lemon juice,1 dash of angustura bitters,1 egg white,NA,NA,NA,NA
Pierre-Marie Bisson,Basement Sate (London),Vieux carré,25ml Antica formula,25ml Cognac,2 dashes of angostura bitter,2 dashes of peychaud bitter,Barspoon of benedictine,25ml of Machir bay (Kilchoman whisky),NA,NA,NA
Pierre-Marie Bisson,Basement Sate (London),Eagle in a tube,Barspoon on Fernet,Barspoon of sugar syrup,15ml of white port,15ml of lemon,40ml of gin,Splash ginger ale,Cucumber,NA,NA
Pietro Collina,The Nomad (New York),Diplomat,3 dashes of grapefruit bitters,Teaspoon of Maraschino,1.5 oz of Martini Ambrato Vermouth,1.5 oz of Noilly Prat Dry Vermouth,Grapefruit Twist,NA,NA,NA,NA
Pietro Collina,The Nomad (New York),Third Pedal,0.5 oz of Agave Syrup,0.5 oz of Lime Juice,0.5 oz of Grapefruit Juice,1 oz of Fino Sherry,0.5 oz of Salers,0.5 oz of Italicus,1 oz of Green Tea Yoghurt,1oz of Olive Oil Tequila,NA
Philip Bischoff,Manhattan (Singapore),The Manhattan,50ml of Mitchers straight Rye Whiskey,15ml of Mancino Rosso sweet Vermouth,10ml of house made Sherry Brandy,2 dashes of angustura bitters,NA,NA,NA,NA,NA
Philip Bischoff,Manhattan (Singapore),The Flat Iron,45ml of Lagavulin Whisky,20ml of Drambuie,2 dashes of Mozart chocolate bitters,NA,NA,NA,NA,NA,NA
Phan Hà,Polite & Co (Hanoi),Street Vendor,50ml of Gin infused with Chrysanthemum,15ml of Choya Yuzu,30ml of St Germain,40ml of Carambola Juice,5ml of Pandan Syrup,NA,NA,NA,NA
Quentin Beurgaud,Little Barrel (Geneva),Lavander Daiquiri,60ml of Havana 3 years rum,40ml of lime juice,2 barspoons of sugar and lavander,5 dashes of Ferdinand rose wine lavander,NA,NA,NA,NA,NA
Quentin Beurgaud,Little Barrel (Geneva),Mona Lisa,50ml of Bacardi Superior,20ml of Campari,30ml of pomelo pink,1/2 passion fruit,NA,NA,NA,NA,NA
Quynh Thai,Snuffbox (Ho Chi Minh),Sidecar,50ml of Martell Cognac,30ml of Cointreau,25ml of Lime Juice,5ml of Simple Syrup,NA,NA,NA,NA,NA
Quynh Thai,Snuffbox (Ho Chi Minh),Once for the Road,45ml of Macallan 12 years Sherry Oak Whisky,10ml of Suze for Bière,15ml of Lillet Blanc,15ml of Prucia,15ml of Elderflower Syrup,NA,NA,NA,NA
Rafa Martin,Brassclub (Palma de Mallorca),Bantha Milk Alexandra (Alexander twist),40ml of Wint citrus vodka,10ml of amaretto,20ml of cocoa,10ml of coco real,10ml of dry curacao,20ml of cream,NA,NA,NA
Rafa Martin,Brassclub (Palma de Mallorca),Expreso Hogwarts,40ml of Highland Park 12 years old,6-8 head of mints,10ml of palo tunel de Mallorca,1 dash of Angustura bitters,1/2 lime,"20ml of homemade Falernum (honey, ginger, lime, mixed spices)",Top with ginger beer,NA,NA
Razvan Chipara,The Cambridge Public House (Paris),De la Louisiane,2 dashes of Peychaud Bitters,2.5 ml of Absinthe,12.5ml of Benedictine,25ml of Red Dolin Vermouth,40ml of Rittenhouse 100 proof Rye Whiskey,NA,NA,NA,NA
Razvan Chipara,The Cambridge Public House (Paris),Big in Japan,30ml of Citadelle Gin infused with Shitake,20ml of White Dolin Vermouth,20ml of Fino Sherry,10ml of Aquavit,NA,NA,NA,NA,NA
René Hedeland Larsen,Ruby (Copenhagen),Green Bees,60ml of Pisco,20ml of Lime Juice,20ml of Thyme Honey Syrup,2 leaves of Sorrel,NA,NA,NA,NA,NA
René Hedeland Larsen,Ruby (Copenhagen),Emerald Martini,15ml of Mancino Vermouth,10ml of Taffel Akavit,50ml of Dild Aquavit,Dashes of Parsley Oil,Top with Parsley Snow,NA,NA,NA,NA
Remy Savage,Little Red Door (Paris),Corpse Reviver n°1,20ml of Calvados,20ml of Cognac,45ml of home sweet vermouth,1 dash of salt,NA,NA,NA,NA,NA
Remy Savage,Little Red Door (Paris),Sainte Marie de la mer,30ml of gin,15ml of mertensia maritima,1.25 ml of clay syrup,1 dash salt,NA,NA,NA,NA,NA
Riccardo Marinelli,Jerry Thomas (Rome),Manhattan,45ml of Rye Whisky Single Barrel,45ml of Red Vermouth del Professor,2 dashes Angostura bitters,2 dashes Orange bitters,4 dashes Maraschino Liqueur,NA,NA,NA,NA
Riccardo Marinelli,Jerry Thomas (Rome),Negroni del Professor,45ml of Gin del Professor,25ml of Bitter del Professor,35ml of Red Vermouth del Professor,2 dashes of Bergamot Bitters,NA,NA,NA,NA,NA
Rhys Wilson,Happiness Forgets (London),Penicillin,45ml of blended scotch black bottle,10ml of peaty scotch Laphroaig ten years old,20ml of lemon juice,15ml of honey syrup,15ml of ginger juice,NA,NA,NA,NA
Rhys Wilson,Happiness Forgets (London),Jerezana,25ml of Manzanilla sherry,25ml of Amontillado sherry,12.5 ml of sweet vermouth,12.5 ml of dolin dry,10ml of vanilla syrup,6 dashes of orange bitters,NA,NA,NA
Riccardo Rossi,Frenie e Frizioni (Rome),Brooklyn,60ml of Bulleit Rye Whiskey,30ml of Noilly Prat Dry Vermouth,7.5ml of Picon Amer,7.5ml of Maraschino Liqueur,NA,NA,NA,NA,NA
Riccardo Rossi,Frenie e Frizioni (Rome),Martin Mystère,60ml of La Caravedo Pisco,30ml of Lime Juice,20ml of Camomille Syrup,15ml of Egg White,Float of Chicha Morada,NA,NA,NA,NA
Roberta Mariani,Bar Termini (London),Boulevardier,35ml of Bourbon,15ml  of Campari,15ml  of Martini rosso,Orange twist,NA,NA,NA,NA,NA
Roberta Mariani,Bar Termini (London),drie van drie,50ml of seaweed whisky,2.5ml of gomme syrup,3 dashes of homemade liquorice bitter,15ml of dry sherry,NA,NA,NA,NA,NA
Roberto Artusio,La Punta (Rome),Maria Sabina,45ml Vermouth infused with Barbecued Chestnut,1 Barspoon Agave Syrup,1 dash Chocolate Bitters,1 dash of Nut Bitters,NA,NA,NA,NA,NA
Roberto Artusio,La Punta (Rome),L’Imbriagon,15ml Burnt Wine Syrup,60ml of Mezcal,20ml of Water,1 dash Pimento Bitters,NA,NA,NA,NA,NA
Romain Briset,Gravity (Paris),Sazerac,Glass rinsed with Absinthe,1 barspoon of Sugar,3 dashes of Peychaud,60ml of Rye Rittenhouse 100 Proof,1 Lemon Twist,NA,NA,NA,NA
Romain Briset,Gravity (Paris),Fruit du Passé,10 ml of Egg White,20ml of Celery Syrup,25ml of Lemon Juice,25ml of Strega Liqueur,25ml of Dolin Genepi,Top with Soda,NA,NA,NA
Roman Shabodalov,Hawksmoor Spitalfields (London),Roman’s Gimlet,70ml of Navy Strength Plymouth Gin,15ml of Lime Cordial,NA,NA,NA,NA,NA,NA,NA
Roman Shabodalov,Hawksmoor Spitalfields (London),Taxcoco,40ml of Tequila Tapatio 110,15ml of Manzanilla Sherry,25ml of Lime Juice,15ml of Grapefruit Sherbet,5ml of Salt Solution,2 dashes of Absinthe,NA,NA,NA
Rory Shepherd,Little Red Door (Paris),Trident,25ml of Aquavit,25ml of Cynar,25ml of Amontillado Sherry,1 dash of Peach Bitters,NA,NA,NA,NA,NA
Rory Shepherd,Little Red Door (Paris),Strength,30ml of Gin,20ml of Sorrel Wine,5ml of Whisky Pine Tincture,30ml of Birch Water,NA,NA,NA,NA,NA
Rusty Cerven,The Gibson (London),Gibson Martini,60ml of Tanqueray Gin,5ml of Mancino Vermouth,1 Pickled Onion,NA,NA,NA,NA,NA,NA
Rusty Cerven,The Gibson (London),Electric Earl,45ml of Tanqueray Gin 10,10ml of Earl Grey Liqueur,2 dashes of Electric Bitters,1/4 Fresh Grapefruit,1 Lime,35ml of Tonic and Citrus Grass Cordial,NA,NA,NA
Sacha Molodskikh,Le Parfum (Montpellier),Ti Punch,4 Cloves,1/2 Lime,30ml of 3 Rivières Sugar,50ml of Clairin Casimir Rum,10ml of Creole Shrub,NA,NA,NA,NA
Sacha Molodskikh,Le Parfum (Montpellier),Butter Braise,A Pat of Clarified Barrate Butter,30ml of Pyrat Rum,20ml of Pedro Ximenez,10ml of Maple Syrup,10ml of 3 Rivières Syrup,20ml of Lemon Juice,10ml of Gingerbread Syrup,NA,NA
Samet Ali,Oriole (London),Espresso Martini,22.5 ml of Vodka,22.5ml of Rye Whiskey,30ml of Menengic Coffee,30ml of Homemade Coffee Liqueur,10ml of Maple syrup,NA,NA,NA,NA
Samet Ali,Oriole (London),Bon echo,30ml of Cognac,15ml of Rye Whiskey,30ml of Ontario Leaf Aperitif,7.5ml of Homemade Juneberry Vermouth,3 dashes of Northern White Cedar Bitters,NA,NA,NA,NA
Samuel Kwok,Quinary (Hong Kong),Boulevardier,45ml of Michter’s Whiskey,15ml of Cynar,20ml of Punt e Mes,7.5ml of Campari,5 dashes of Fernet Branca,NA,NA,NA,NA
Samuel Kwok,Quinary (Hong Kong),Lavender Meringue Pie,45ml of Limoncello,20ml of Gin infused with Lavender,10ml of Simple Syrup,10ml of Egg White,30ml of Lemon Juice,NA,NA,NA,NA
Samuel Wiktorsson,Pharmarium (Stockholm),Dempsey,40ml of gin,20ml of Calvados,8ml of grenadine,Spray of absinthe,NA,NA,NA,NA,NA
Samuel Wiktorsson,Pharmarium (Stockholm),Imaginarium,35ml of vodka,10ml Ciociaro amaro,20ml fresh lemon juice,1 barspoon of liquorice paste,2 drops of butterscotch essence,2 dashes liquorice bitters,Garnish with à tea spoon of violet pearl,NA,NA
Sarah Moudoulaud Lecoyer ,Divine (Paris),Calvados Martini,45ml of Calvados Christian Drouin,15ml of Fino Sherry,7.5ml of Salers,NA,NA,NA,NA,NA,NA
Sarah Moudoulaud Lecoyer ,Divine (Paris),Divine Boulevardier,35ml of Michter’s Bourbon,15ml of Campari,15ml of St Germain,NA,NA,NA,NA,NA,NA
Sergio Toffoli,Kurobota (Palma de Mallorca),Love in Muskoka,40ml of Alberta Premium Canadian Rye Whiskey,30ml of Conzano Vermouth Rosso,15ml of Campari,1 dash of Maple Syrup,NA,NA,NA,NA,NA
Sergio Toffoli,Kurobota (Palma de Mallorca),Kill Dill,"20ml of Enriched Simple Syrup (Absinthe, Green Chartreuse and Sugar)",20ml of Lemon Juice,45ml of Dill Infused Gin,Top with Tonic,NA,NA,NA,NA,NA
Simon Toohey,Callooh Callay (London),London Calling,40ml of gin,20ml of Fino sherry,25ml of lemon juice,20ml of sugar,2dashes of orange bitters,NA,NA,NA,NA
Simon Toohey,Callooh Callay (London),Bread Winner,40ml of dark rum,25ml of bread milk,20ml of cinamon syrup,5ml of lime juice,2 dashes of walnut bitters,NA,NA,NA,NA
Simon Kong,Lobster Bar in Shangri-La (Hong Kong),Vieux Carré,30ml of Cognac Martell VSOP,30ml of Michters Rye Whiskey,10ml of Benedictine,20ml of Cocchi Torino Vermouth,2 dashes of Angostura Bitters,2 dashes of Peychaud Bitters,NA,NA,NA
Simon Kong,Lobster Bar in Shangri-La (Hong Kong),Grape William,30ml of Poire William Massenez,15ml of Pisco Tacoma,30ml of Apple Liqueur infused with Jasmine Tea,2.5ml of Sambuca,30ml of Lemon Juice,2 barspoon of Sugar Syrup,6 pieces of Mint,NA,NA
Simone Caporale,Pour (London),Like You None Else,35ml of Gin with Hops,15ml of Italicus Liqueur,25ml of Fresh Lime Juice,10ml of Simple Syrup,NA,NA,NA,NA,NA
Simone Caporale,Pour (London),Nostrano Spritz,15ml of Tequila,30ml of Italicus Liqueur,15ml of Fresh Pomelo Juice,15ml of Fresh Lemon Juice,5ml of Simple Syrup,50ml of Sparkling Wine,The bubble is made with the Flavour Blaster,NA,NA
Simone Onorati,The Gibson (London),Scandal in Bohemia,50ml of Woodford Reserve Rye Whiskey with Sweet Grass infusion,1 barspoon of Preserved Lemon,20ml of Caramelised Barley Candy,4 dashes of Absinthe,2 barspoons of Cannabis Sativa,15ml of Poppy Oil,Half Lemon,NA,NA
Simone Onorati,The Gibson (London),Gibson’s Bloody Mary,300ml of Tomato and Vegetable Juice (depending of the size of the glass),A Mix of 80-90 Different Spices,NA,NA,NA,NA,NA,NA,NA
Sim Sze Wei,Atlas (Singapore),Golden Eight,20ml of Bacardi Ocho Anos Gran Reserve Rum,20ml of Bacardi Carto Oro Superior Gold Rum,20ml of Benedictine D.O.M.,20ml of Lemon Juice,NA,NA,NA,NA,NA
Sim Sze Wei,Atlas (Singapore),Atlas Martini,60ml of Fords Gin,15ml of Mancino Bianco Ambrato,5 dashes of Champagne Vinegar,2 Dashes of Orange Bitters,NA,NA,NA,NA,NA
Sophia Urwin,Peony at Opium Chinatown (London),Floral Roasting (twist on an Amaretto Sour),10ml of mezcal Vida del Maguey,15ml of Suze,30ml of Almodine,20ml of Lemon Juice,20ml of Rose and Unroasted Coffee Bean Syrup,1 dash of Peychaud Bitters,Egg White,NA,NA
Sophia Urwin,Peony at Opium Chinatown (London),Foam Party,30ml of Rabarbaro Nardini,30ml of Rye Whiskey,15ml of Fig Cream Liqueur,Top with Foam of Beavertown Smoked Porter,NA,NA,NA,NA,NA
Sother Teague,NA,Waterproof Watch,45 ml of Gin,22.5ml of Aperol,22.5ml of Amaro Monte Negro,2 dashes of Dole Decroffs Pimento Bitters,NA,NA,NA,NA,NA
Sother Teague,NA,Campfire,22.5ml of Elija Craig Bourbon,22.5ml of Rittenhouse 100 Proof Rye Whiskey,15ml of  Laphroaig Ten Whisky,6 drops of Hellfire Bittermens,1 dash of Boker’s Bitters,1 Barspoon of cane syrup,NA,NA,NA
Stanislas Jouenne,Tiger (Paris),French Flair (twist on Corps reviver no2),40ml of Gin,20ml of Triple Sec,30ml of Bonal,2 dashes of Saline Solution,2 dashes of Bitter Truth Aromatic Leaf Bitters,2 dashes of Absinthe,2 dashes of Orange Bitters,NA,NA
Stanislas Jouenne,Tiger (Paris),Overload Tiki,25ml of Triple Sec,20ml of Velvet Falernum,30ml of Lime Juice,50ml of Gin,Top with Calvados,NA,NA,NA,NA
StefanosDraganidakis,NA,Martini,50ml of Gin,"50ml of Trap vermouth (A blend of Bianco and Manzanilla Vermouth, Pear Eau de Vie and Greek Botanicals)",NA,NA,NA,NA,NA,NA,NA
StefanosDraganidakis,NA,Whisky and Cola,40ml of Bourbon,15ml of Campari,40ml of Cola Vermouth (Angostura Bitters with Lime Oils and Averna),NA,NA,NA,NA,NA,NA
T,NA,Martini,50ml of Gin,"50ml of Trap vermouth (A blend of Bianco and Manzanilla Vermouth, Pear Eau de Vie and Greek Botanicals)",NA,NA,NA,NA,NA,NA,NA
T,NA,Whisky and Cola,40ml of Bourbon,15ml of Campari,40ml of Cola Vermouth (Angostura Bitters with Lime Oils and Averna),NA,NA,NA,NA,NA,NA
Stephen Byrne,Uncle Ming’s (Sydney),Jungle bird,45ml of rum,20ml of Campari,20ml of lime,10ml of sugar syrup,45ml of pineapple juice,NA,NA,NA,NA
Stephen Byrne,Uncle Ming’s (Sydney),Misty mountain ,45ml of Ron Zacapa,10ml of fortifed wine,10ml of vermouth,5 dashes of coffee bitters,Garnish chocolate sherry,NA,NA,NA,NA
Steve Crozier,Baxter Inn (Sydney),Red hook,60ml of Rittenhouse Rye Whiskey,15ml of Punte Mes,15ml of Luxardo,NA,NA,NA,NA,NA,NA
Steve Crozier,Baxter Inn (Sydney),Morning glory murder,60ml of blended whisky infused with violet and peaches,30ml of lemon juice,15ml of honey water,1 Egg white,A spice almond milk ice ball,NA,NA,NA,NA
Steve Schneider,Employees Only (New York),Manhattan,50ml of Cocchi Torino,45ml of Rye Whisky Rittenhouse 100 Proof,15 ml of Grand Marnier,3 dashes Angustura Bitters,NA,NA,NA,NA,NA
Steve Schneider,Employees Only (New York),Ready Fire Aim,30ml of homemade honey syrup,22 ml of homemade pineapple juice,15ml of fresh lime juice,50ml of Mezcal,3 dashes of Hellfire Bitters,NA,NA,NA,NA
Suraj Gurung,Stockton (Hong Kong),Stockton Old Fashioned,45ml of Buffalo Trace Bourbon,15ml of Michter’s Rye Whiskey,15ml H by Hin Cognac,10ml of Demerara syrup,3 dashes of Angostura Bitters,2 dashes of Orange Bitters,NA,NA,NA
Suraj Gurung,Stockton (Hong Kong),Big Dick,45ml of House Blend Rum,15ml of Irish Whisky,7ml of Pedro Ximenez,22ml of Malted Banana,22ml of Lime Juice,7ml of Cane Syrup,3 dashes of Mace,2 dashes of Chocolate Bitters,NA
Sullivan Doh,Le Syndicat (Paris),Smoking car (twist on a side car),30ml of cognac,30ml of dry Curaçao Pierre ferrand,20ml of lemon juice,10ml orange blossom,Smoke of bitter orange peel,NA,NA,NA,NA
Sullivan Doh,Le Syndicat (Paris),Le Sudiste,40ml of eau de vie of citrus (cédrat) from Domaine Mavela in Corsica,20ml of orange and rosemary syrup,20ml of lemon juice,Foam of mauresque (orgeat and aniseed),NA,NA,NA,NA,NA
Takuma Watanabe,Angel’s Share (New York),Peel Me a Grape,40ml of Sipsmith Gin,10ml of St Germain,40ml of Manzanilla Sherry,2 Barspoons of Grape Syrup,1 pinch of salt,NA,NA,NA,NA
Takuma Watanabe,Angel’s Share (New York),New York New York,50ml of Apple and Cinnamon Rye Whiskey,15ml of Spiced Maple,10ml of Roots,15ml of Lime Juice,20ml of Egg White,Torched sugar,NA,NA,NA
Tan Pham,ATM Cocktail Bar (Ho Chi Minh),Mekong Negroni,30ml of Bitter Melon Infusion,30ml of Gin,30ml of White Vermouth,NA,NA,NA,NA,NA,NA
Tan Pham,ATM Cocktail Bar (Ho Chi Minh),Mekong Delta,60ml of Bourbon infused with Banana,20ml of Lime Juice,20ml of Banana Syrup,2 dashes of Ginger Bitters,20ml of Egg White,NA,NA,NA,NA
Tara Garnell,Original Sin (London),San Sebastian,40ml of Rittenhouse 100 Proof Rye,20ml of Amontillado Sherry,5ml of Maple Syrup,2 dashes of Jerry Thomas Bitters,NA,NA,NA,NA,NA
Tara Garnell,Original Sin (London),The Duke,30ml of Junipero Gin,15ml of Cynar,20ml of Cold Brew Coffee,Top with a Splash of Fever Tree Mediterranean Tonic,NA,NA,NA,NA,NA
Tarek Nini,Le Ballroom (Paris),"
Martinez Old Tom
60 ml of Old Tom Gin
15ml of Dolin vermouth Dry
15ml of Carpano Antica Formula
1 barspoon of Luxardo Marascshino
1 dash of orange bitters",Martinez Old Tom,60 ml of Old Tom Gin,15ml of Dolin vermouth Dry,15ml of Carpano Antica Formula,1 barspoon of Luxardo Marascshino,1 dash of orange bitters,NA,NA,NA
Tarek Nini,Le Ballroom (Paris),Dûra Dûra,50ml of Nuestra Soledad Mezcal infused with grilled mustard seeds,20ml of  Karela (bitter Indian cucumber juice),20ml of Agave Syrup,25ml of Lime,2 dashes of Jamaican Jerks Bitters,NA,NA,NA,NA
Téva Légale,Reverend JW Simpson (London),Amarito Sour (Twist of Amaretto sour),45ml of Amarito,25ml of lime,15ml of blackberry cream,1 egg white,NA,NA,NA,NA,NA
Téva Légale,Reverend JW Simpson (London),Seven smoking islands,35ml of banks  rum 7,45ml of lapsang souchong home made syrup,15ml of lime,15ml of cointreau,NA,NA,NA,NA,NA
Thanos Ioannou,NA,Gibson Martini,60ml of Thomas Dakin Gin,15ml of Sauterne Wine and Onion Brine,Pickled Onions,NA,NA,NA,NA,NA,NA
Thanos Ioannou,NA,No strings attach,60ml of Boompjes Old Dutch Genever,20ml of Fresh Lemon Juice,15ml of Agave syrup infused with Saffron,Rimed with Salted Caramel Coconut,NA,NA,NA,NA,NA
Thibault Mequignon,Danico (Paris),Sazerac,6 dashes of Peychaud Bitters,0.5 ml of Brown Sugar,60ml of Rittenhouse 100 Proof Rye Whiskey,2-3 sprays of Absinthe,NA,NA,NA,NA,NA
Thibault Mequignon,Danico (Paris),Le parsley,25ml of Parsley Syrup,25ml of Lime Juice,50ml of Blend Cachaça Yaguara Ouro and Plantation Barbados with Mature Bananas,NA,NA,NA,NA,NA,NA
Thierry Malikian,Le Calbar (Paris),Mezcal Negroni ,50ml of Mezcal,20ml of Cynar,20ml of Tio Pepe (Fino),A twist of lemon,NA,NA,NA,NA,NA
Thierry Malikian,Le Calbar (Paris),King Cross,30ml of rum Smith and Cross,20ml  of original Dark Plantation,20ml of a liqueur shrub orange,2 dashes of Angustura bitters,NA,NA,NA,NA,NA
Thomas Auger,Nola (London),Old fashioned,50ml of Rye whisky,15ml of tobacco liqueur,2 dashes of Angustura bitters,2 dashes of chocolate mole bitters,Orange garnish,NA,NA,NA,NA
Thomas Auger,Nola (London),Iron lady,20ml of Saint Germain,Barspoon of Laphroaig whisky,25ml of gin,20ml of egg white,25ml of lemon,10ml of sugar,Dash of Grapefruit,NA,NA
Timo Janse,Door 74 (Amsterdam),Be kind unwind (Martinez) ,45ml of bathtub gin,45ml of Punt e Mes,5ml of Topschi Nocello,10ml of Luxardo Maraschino,2 dashes of orange bitters,1 dash of Dale Degroff’s pimento bitters,NA,NA,NA
Timo Janse,Door 74 (Amsterdam),Meet me in the struggle buggy,45ml of gin,3 slices of red Chilli pepper,15ml of passionfruit syrup,25ml of fresh lime juice,Top with ginger ale,NA,NA,NA,NA
Tom Egerton,Eau de vie (Sydney),Pegu club,40ml of Bombay Amber gin,20ml of lime juice,20ml of Orange Curaçao,2 dashes of angostura bitters,NA,NA,NA,NA,NA
Tom Egerton,Eau de vie (Sydney),New money,40ml of expérimental spirit coconut rum,1 barspoon of lactart,20ml of slow gin,20ml of abricot brandy,2 drops of sailin solution,1 dash of angostura bitters,1 eggwhite,NA,NA
Tony Santoro,NA,Gin Old Fashioned,1 sugar piece,3ml of Smith and Cross Rum,45ml of Beefeater Gin,Zest of Lime and Orange,Splash of Soda,3 dashes of Chocolate Bitters,NA,NA,NA
Tony Santoro,NA,Trinity Charme,3ml of Arabic Gum,3ml of Suze Bitter Orange,45ml of Noilly Prat Dry,15ml of Plymouth Sloe Gin,10ml of Vermouth Cocchi di Torino,2 drops of Saline Solution,NA,NA,NA
Vasilis Kyritsis,The Clumsies (Athens),Circle of Life (Vodkatini),45ml of Ciroc Vodka,10 ml of Parmesan Drip,25ml of Sauternes Wine,3 drops of Dry Solution,Pickled Currant,NA,NA,NA,NA
Vasilis Kyritsis,The Clumsies (Athens),Above & Beyond Punch,50ml of Zacapa23 Rum,40ml of Smoked Pineapple Oleo Saccharum,20ml of Dark Stout Beer,NA,NA,NA,NA,NA,NA
Vassilis Chryssos,NA,Raki Sour,50ml of Raki,1 Egg White,20ml of Lemon,1.5 barspoon of Organic Honey Water,NA,NA,NA,NA,NA
Vassilis Chryssos,NA,600 Stairs,40ml of Fresh Squizz Pomegranate,50ml of Gin Mare,20ml of Frago Stafilo (Liqueur of Wild Berries),10ml of Lemon,Splash of Honey Water,NA,NA,NA,NA
Vijay Mudaliar,Native (Singapore),Oolong Highball,50ml of Sochu,10ml of Yuzu Distillate,120ml of Oolong Kombucha,NA,NA,NA,NA,NA,NA
Vijay Mudaliar,Native (Singapore),Peranakan,250ml of Indian Rum,10g of Galangal,1g of Laksa Leaves,10g of Tamarind,1g Dried Pandan,10g of Candlenut,5g of Gula Melaka,NA,NA
Vincenzo Mazzilli,Speakeasy (Bari),Murgia Fizz,45 ml of Hendrick’s gin,15ml of Gariga di Murgia,30ml of lemon juice,15ml of sugar,Top with soda,NA,NA,NA,NA
Vincenzo Mazzilli,Speakeasy (Bari),Tigrotto,30 ml of tequila Ocho,30ml of biancosarti,30ml of white vermouth carlo Alberto,1 Dash of angustura,NA,NA,NA,NA,NA
Vito Pietroburgo,Mag Cafè (Milan),Vermouth cocktail,40ml of Cocchi Classico Vermouth,20ml of Cocchi Amaro Vermouth,3.75ml of Gum syrup,3 dashes of Angostura bitter,1 dash of Aromatic bitter,NA,NA,NA,NA
Will Hawes,Disrepute (London),Tall and Dark,50ml of Peach Cognac,10ml of Peach Cream,25ml of Lemon Juice,Splash of Soda,NA,NA,NA,NA,NA
Will Hawes,Disrepute (London),PGJR,30ml of Plantation Rum Original Dark,15ml of Merlet Cassis,5ml of Campari,10ml of Smith and Cross Rum,2 dashes of Tea Pot Bitters,20ml of Lime Juice,NA,NA,NA
Xavi Prat Lacamara,Stereo 18 (Barcelona),El Vell I La Mar,60ml of Appleton Rum,15ml of Pedro Ximenez,1 barspoon of White Sugar,3 dashes of Coffee Bitters,NA,NA,NA,NA,NA
Xavi Prat Lacamara,Stereo 18 (Barcelona),The Greatest Dancer,50ml of Pisco el Gobernador,10ml of Saint Germain Liqueur,25ml of Pineapple Juice,10ml of Orgeat Syrup,25ml of Lemon,Top with Beer,NA,NA,NA
Zac de Git,Crackerjack (Singapore),Chinese New Year Daiquiri,30ml of Rum Diplomatico,30ml of Mandarin Juice,22.5ml of Lime Juice,15ml of Simple Syrup,NA,NA,NA,NA,NA
Zac de Git,Crackerjack (Singapore),Absinthe Swizzle,20ml of St. George’s Absinthe,20ml of Mancino Secco Vermouth,20ml of Blood Peach Puree,20ml of Sugar Syrup,10ml of lemon Juice,8 Mint Leaves,NA,NA,NA
